FIPS,NAME,CLINTON,SANDERS,OMALLEY,DEM_OTHER
19001,Adair,0.56,0.44,0.0,0.0
19003,Adams,0.568,0.432,0.0,0.0
19005,Allamakee,0.507,0.493,0.0,0.0
19007,Appanoose,0.547,0.453,0.0,0.0
19009,Audubon,0.625,0.375,0.0,0.0
19011,Benton,0.56,0.44,0.0,0.0
19013,Black Hawk,0.467,0.529,0.002,0.002
19015,Boone,0.45,0.55,0.0,0.0
19017,Bremer,0.533,0.453,0.013,0.0
19019,Buchanan,0.525,0.475,0.0,0.0
19021,Buena Vista,0.486,0.486,0.028,0.0
19023,Butler,0.417,0.583,0.0,0.0
19025,Calhoun,0.5,0.5,0.0,0.0
19027,Carroll,0.63,0.37,0.0,0.0
19029,Cass,0.6,0.38,0.02,0.0
19031,Cedar,0.443,0.557,0.0,0.0
19033,Cerro Gordo,0.496,0.504,0.0,0.0
19035,Cherokee,0.454,0.546,0.0,0.0
19037,Chickasaw,0.601,0.389,0.01,0.0
19039,Clarke,0.58,0.42,0.0,0.0
19041,Clay,0.494,0.506,0.0,0.0
19043,Clayton,0.49,0.51,0.0,0.0
19045,Clinton,0.486,0.514,0.0,0.0
19047,Crawford,0.451,0.417,0.132,0.0
19049,Dallas,0.575,0.417,0.008,0.0
19051,Davis,0.58,0.42,0.0,0.0
19053,Decatur,0.502,0.472,0.013,0.013
19055,Delaware,0.55,0.43,0.02,0.0
19057,Des Moines,0.467,0.533,0.0,0.0
19059,Dickinson,0.488,0.512,0.0,0.0
19061,Dubuque,0.522,0.474,0.004,0.0
19063,Emmet,0.56,0.44,0.0,0.0
19065,Fayette,0.526,0.469,0.0,0.005
19067,Floyd,0.567,0.433,0.0,0.0
19069,Franklin,0.568,0.422,0.01,0.0
19071,Fremont,0.444,0.5,0.056,0.0
19073,Greene,0.539,0.461,0.0,0.0
19075,Grundy,0.467,0.518,0.015,0.0
19077,Guthrie,0.55,0.45,0.0,0.0
19079,Hamilton,0.589,0.411,0.0,0.0
19081,Hancock,0.612,0.388,0.0,0.0
19083,Hardin,0.577,0.423,0.0,0.0
19085,Harrison,0.453,0.547,0.0,0.0
19087,Henry,0.5,0.5,0.0,0.0
19089,Howard,0.461,0.539,0.0,0.0
19091,Humboldt,0.555,0.445,0.0,0.0
19093,Ida,0.533,0.467,0.0,0.0
19095,Iowa,0.51,0.49,0.0,0.0
19097,Jackson,0.5,0.46,0.04,0.0
19099,Jasper,0.515,0.45,0.035,0.0
19101,Jefferson,0.273,0.727,0.0,0.0
19103,Johnson,0.402,0.595,0.003,0.0
19105,Jones,0.466,0.534,0.0,0.0
19107,Keokuk,0.625,0.35,0.025,0.0
19109,Kossuth,0.608,0.36,0.022,0.01
19111,Lee,0.547,0.453,0.0,0.0
19113,Linn,0.474,0.523,0.003,0.0
19115,Louisa,0.56,0.42,0.02,0.0
19117,Lucas,0.6,0.4,0.0,0.0
19119,Lyon,0.402,0.568,0.03,0.0
19121,Madison,0.533,0.467,0.0,0.0
19123,Mahaska,0.562,0.438,0.0,0.0
19125,Marion,0.5,0.48,0.02,0.0
19127,Marshall,0.466,0.534,0.0,0.0
19129,Mills,0.511,0.489,0.0,0.0
19131,Mitchell,0.65,0.338,0.013,0.0
19133,Monona,0.602,0.388,0.01,0.0
19135,Monroe,0.433,0.446,0.121,0.0
19137,Montgomery,0.36,0.64,0.0,0.0
19139,Muscatine,0.46,0.54,0.0,0.0
19141,O'Brien,0.51,0.473,0.017,0.0
19143,Osceola,0.566,0.384,0.051,0.0
19145,Page,0.494,0.506,0.0,0.0
19147,Palo Alto,0.534,0.466,0.0,0.0
19149,Plymouth,0.554,0.446,0.0,0.0
19151,Pocahontas,0.66,0.3,0.04,0.0
19153,Polk,0.532,0.462,0.007,0.0
19155,Pottawattamie,0.49,0.508,0.0,0.002
19157,Poweshiek,0.472,0.528,0.0,0.0
19159,Ringgold,0.663,0.337,0.0,0.0
19161,Sac,0.55,0.45,0.0,0.0
19163,Scott,0.491,0.505,0.004,0.0
19165,Shelby,0.42,0.58,0.0,0.0
19167,Sioux,0.481,0.506,0.0,0.013
19169,Story,0.405,0.595,0.0,0.0
19171,Tama,0.529,0.471,0.0,0.0
19173,Taylor,0.7,0.3,0.0,0.0
19175,Union,0.463,0.537,0.0,0.0
19177,Van Buren,0.467,0.533,0.0,0.0
19179,Wapello,0.548,0.447,0.005,0.0
19181,Warren,0.553,0.433,0.013,0.0
19183,Washington,0.538,0.462,0.0,0.0
19185,Wayne,0.65,0.35,0.0,0.0
19187,Webster,0.542,0.45,0.008,0.0
19189,Winnebago,0.425,0.575,0.0,0.0
19191,Winneshiek,0.44,0.56,0.0,0.0
19193,Woodbury,0.463,0.533,0.004,0.0
19195,Worth,0.454,0.546,0.0,0.0
19197,Wright,0.547,0.453,0.0,0.0
33001,BELKNAP,0.357,0.613,0.0,0.03
33003,CARROLL,0.36,0.631,0.0,0.008
33005,CHESHIRE,0.29,0.701,0.0,0.009
33007,COOS,0.35,0.632,0.0,0.018
33009,GRAFTON,0.323,0.666,0.0,0.011
33011,HILLSBOROUGH,0.413,0.567,0.0,0.02
33013,MERRIMACK,0.398,0.59,0.0,0.012
33015,ROCKINGHAM,0.416,0.567,0.0,0.017
33017,STRAFFORD,0.351,0.632,0.0,0.017
33019,SULLIVAN,0.29,0.685,0.0,0.026
32001,Churchill,0.5,0.5,0.0,0.0
32003,Clark,0.548,0.451,0.0,0.0
32005,Douglas,0.541,0.459,0.0,0.0
32007,Elko,0.432,0.568,0.0,0.0
32009,Esmeralda,0.318,0.682,0.0,0.0
32011,Eureka,0.136,0.864,0.0,0.0
32013,Humboldt,0.338,0.662,0.0,0.0
32015,Lander,0.29,0.696,0.0,0.014
32017,Lincoln,0.603,0.397,0.0,0.0
32019,Lyon,0.476,0.524,0.0,0.0
32021,Mineral,0.534,0.466,0.0,0.0
32023,Nye,0.588,0.406,0.0,0.006
32027,Pershing,0.478,0.493,0.0,0.03
32029,Storey,0.479,0.521,0.0,0.0
32031,Washoe,0.457,0.542,0.0,0.001
32033,White Pine,0.505,0.495,0.0,0.0
32510,Carson City,0.488,0.512,0.0,0.0
45001,Abbeville,0.818,0.17,0.0,0.011
45003,Aiken,0.702,0.293,0.0,0.005
45005,Allendale,0.908,0.084,0.0,0.007
45007,Anderson,0.669,0.324,0.0,0.007
45009,Bamberg,0.883,0.105,0.0,0.012
45011,Barnwell,0.874,0.117,0.0,0.008
45013,Beaufort,0.733,0.263,0.0,0.004
45015,Berkeley,0.72,0.272,0.0,0.008
45017,Calhoun,0.861,0.135,0.0,0.004
45019,Charleston,0.66,0.334,0.0,0.006
45021,Cherokee,0.779,0.214,0.0,0.007
45023,Chester,0.796,0.2,0.0,0.004
45025,Chesterfield,0.828,0.167,0.0,0.005
45027,Clarendon,0.908,0.086,0.0,0.006
45029,Colleton,0.825,0.164,0.0,0.01
45031,Darlington,0.819,0.177,0.0,0.004
45033,Dillon,0.841,0.152,0.0,0.007
45035,Dorchester,0.702,0.292,0.0,0.006
45037,Edgefield,0.818,0.167,0.0,0.015
45039,Fairfield,0.874,0.118,0.0,0.008
45041,Florence,0.78,0.214,0.0,0.006
45043,Georgetown,0.778,0.212,0.0,0.009
45045,Greenville,0.641,0.355,0.0,0.004
45047,Greenwood,0.774,0.212,0.0,0.014
45049,Hampton,0.88,0.11,0.0,0.01
45051,Horry,0.672,0.324,0.0,0.003
45053,Jasper,0.851,0.138,0.0,0.012
45055,Kershaw,0.771,0.224,0.0,0.005
45057,Lancaster,0.73,0.266,0.0,0.004
45059,Laurens,0.784,0.212,0.0,0.003
45061,Lee,0.876,0.114,0.0,0.009
45063,Lexington,0.609,0.386,0.0,0.004
45065,McCormick,0.851,0.142,0.0,0.008
45067,Marion,0.854,0.14,0.0,0.006
45069,Marlboro,0.89,0.105,0.0,0.005
45071,Newberry,0.81,0.179,0.0,0.011
45073,Oconee,0.596,0.396,0.0,0.007
45075,Orangeburg,0.887,0.11,0.0,0.004
45077,Pickens,0.555,0.441,0.0,0.004
45079,Richland,0.758,0.238,0.0,0.005
45081,Saluda,0.837,0.157,0.0,0.006
45083,Spartanburg,0.703,0.293,0.0,0.003
45085,Sumter,0.866,0.127,0.0,0.007
45087,Union,0.834,0.164,0.0,0.002
45089,Williamsburg,0.885,0.107,0.0,0.008
45091,York,0.635,0.361,0.0,0.004
01001,Autauga,0.8,0.182,0.0,0.017
01003,Baldwin,0.647,0.329,0.0,0.024
01005,Barbour,0.906,0.078,0.0,0.016
01007,Bibb,0.755,0.197,0.0,0.048
01009,Blount,0.551,0.386,0.0,0.063
01011,Bullock,0.913,0.066,0.0,0.02
01013,Butler,0.921,0.065,0.0,0.013
01015,Calhoun,0.765,0.218,0.0,0.017
01017,Chambers,0.886,0.095,0.0,0.019
01019,Cherokee,0.661,0.249,0.0,0.09
01021,Chilton,0.731,0.246,0.0,0.024
01023,Choctaw,0.802,0.124,0.0,0.074
01025,Clarke,0.93,0.063,0.0,0.007
01027,Clay,0.818,0.137,0.0,0.046
01029,Cleburne,0.732,0.238,0.0,0.03
01031,Coffee,0.772,0.201,0.0,0.027
01033,Colbert,0.65,0.225,0.0,0.126
01035,Conecuh,0.714,0.191,0.0,0.095
01037,Coosa,0.877,0.108,0.0,0.015
01039,Covington,0.773,0.197,0.0,0.03
01041,Crenshaw,0.878,0.103,0.0,0.018
01043,Cullman,0.608,0.345,0.0,0.047
01045,Dale,0.77,0.207,0.0,0.023
01047,Dallas,0.744,0.154,0.0,0.102
01049,DeKalb,0.629,0.323,0.0,0.048
01051,Elmore,0.801,0.184,0.0,0.015
01053,Escambia,0.885,0.099,0.0,0.017
01055,Etowah,0.746,0.226,0.0,0.029
01057,Fayette,0.767,0.172,0.0,0.06
01059,Franklin,0.484,0.301,0.0,0.214
01061,Geneva,0.749,0.216,0.0,0.034
01063,Greene,0.901,0.071,0.0,0.028
01065,Hale,0.796,0.14,0.0,0.063
01067,Henry,0.856,0.119,0.0,0.025
01069,Houston,0.783,0.201,0.0,0.016
01071,Jackson,0.7,0.269,0.0,0.032
01073,Jefferson,0.816,0.174,0.0,0.01
01075,Lamar,0.616,0.241,0.0,0.142
01077,Lauderdale,0.652,0.309,0.0,0.039
01079,Lawrence,0.777,0.162,0.0,0.061
01081,Lee,0.736,0.254,0.0,0.009
01083,Limestone,0.728,0.255,0.0,0.018
01085,Lowndes,0.887,0.077,0.0,0.036
01087,Macon,0.892,0.1,0.0,0.007
01089,Madison,0.686,0.301,0.0,0.013
01091,Marengo,0.658,0.2,0.0,0.142
01093,Marion,0.655,0.296,0.0,0.05
01095,Marshall,0.621,0.341,0.0,0.037
01097,Mobile,0.827,0.162,0.0,0.011
01099,Monroe,0.909,0.076,0.0,0.015
01101,Montgomery,0.862,0.128,0.0,0.009
01103,Morgan,0.731,0.252,0.0,0.017
01105,Perry,0.82,0.124,0.0,0.056
01107,Pickens,0.762,0.148,0.0,0.09
01109,Pike,0.837,0.145,0.0,0.018
01111,Randolph,0.706,0.187,0.0,0.106
01113,Russell,0.728,0.164,0.0,0.108
01115,St. Clair,0.693,0.286,0.0,0.021
01117,Shelby,0.628,0.354,0.0,0.017
01119,Sumter,0.809,0.113,0.0,0.079
01121,Talladega,0.865,0.122,0.0,0.014
01123,Tallapoosa,0.88,0.102,0.0,0.018
01125,Tuscaloosa,0.767,0.218,0.0,0.016
01127,Walker,0.671,0.275,0.0,0.054
01129,Washington,0.575,0.214,0.0,0.211
01131,Wilcox,0.843,0.104,0.0,0.053
01133,Winston,0.667,0.304,0.0,0.029
05001,Arkansas,0.833,0.152,0.0,0.015
05003,Ashley,0.474,0.338,0.0,0.188
05005,Baxter,0.624,0.362,0.0,0.014
05007,Benton,0.541,0.449,0.0,0.01
05009,Boone,0.592,0.385,0.0,0.023
05011,Bradley,0.832,0.149,0.0,0.02
05013,Calhoun,0.45,0.34,0.0,0.209
05017,Chicot,0.811,0.146,0.0,0.043
05019,Clark,0.752,0.225,0.0,0.023
05021,Clay,0.52,0.355,0.0,0.125
05023,Cleburne,0.687,0.286,0.0,0.027
05025,Cleveland,0.688,0.247,0.0,0.065
05027,Columbia,0.738,0.224,0.0,0.037
05029,Conway,0.621,0.297,0.0,0.081
05031,Craighead,0.64,0.336,0.0,0.023
05033,Crawford,0.625,0.345,0.0,0.03
05035,Crittenden,0.764,0.163,0.0,0.073
05037,Cross,0.742,0.217,0.0,0.041
05039,Dallas,0.568,0.296,0.0,0.137
05041,Desha,0.686,0.23,0.0,0.084
05043,Drew,0.678,0.257,0.0,0.065
05045,Faulkner,0.586,0.398,0.0,0.016
05047,Franklin,0.672,0.296,0.0,0.031
05049,Fulton,0.554,0.374,0.0,0.072
05051,Garland,0.687,0.301,0.0,0.012
05053,Grant,0.663,0.288,0.0,0.049
05055,Greene,0.655,0.31,0.0,0.035
05057,Hempstead,0.795,0.166,0.0,0.039
05059,Hot Spring,0.637,0.297,0.0,0.066
05061,Howard,0.765,0.185,0.0,0.05
05063,Independence,0.645,0.317,0.0,0.038
05065,Izard,0.649,0.301,0.0,0.05
05067,Jackson,0.73,0.234,0.0,0.036
05069,Jefferson,0.787,0.168,0.0,0.045
05071,Johnson,0.623,0.342,0.0,0.035
05073,Lafayette,0.687,0.248,0.0,0.065
05075,Lawrence,0.495,0.386,0.0,0.119
05077,Lee,0.896,0.079,0.0,0.025
05079,Lincoln,0.757,0.192,0.0,0.051
05081,Little River,0.531,0.325,0.0,0.144
05083,Logan,0.689,0.282,0.0,0.029
05085,Lonoke,0.654,0.321,0.0,0.024
05087,Madison,0.417,0.414,0.0,0.169
05089,Marion,0.556,0.415,0.0,0.029
05091,Miller,0.761,0.208,0.0,0.031
05093,Mississippi,0.819,0.139,0.0,0.042
05095,Monroe,0.607,0.296,0.0,0.097
05097,Montgomery,0.66,0.296,0.0,0.044
05099,Nevada,0.592,0.28,0.0,0.128
05101,Newton,0.469,0.516,0.0,0.015
05103,Ouachita,0.751,0.188,0.0,0.061
05105,Perry,0.529,0.349,0.0,0.122
05107,Phillips,0.754,0.183,0.0,0.063
05109,Pike,0.642,0.299,0.0,0.059
05111,Poinsett,0.724,0.23,0.0,0.045
05113,Polk,0.544,0.424,0.0,0.033
05115,Pope,0.576,0.4,0.0,0.024
05117,Prairie,0.517,0.357,0.0,0.126
05119,Pulaski,0.764,0.229,0.0,0.007
05121,Randolph,0.619,0.333,0.0,0.048
05123,Saint Francis,0.808,0.15,0.0,0.043
05125,Saline,0.674,0.311,0.0,0.015
05127,Scott,0.636,0.314,0.0,0.05
05129,Searcy,0.564,0.418,0.0,0.018
05131,Sebastian,0.611,0.368,0.0,0.02
05133,Sevier,0.623,0.304,0.0,0.073
05135,Sharp,0.642,0.31,0.0,0.048
05137,Stone,0.544,0.419,0.0,0.037
05139,Union,0.503,0.33,0.0,0.167
05141,Van Buren,0.607,0.344,0.0,0.05
05143,Washington,0.513,0.479,0.0,0.007
05145,White,0.69,0.279,0.0,0.031
05147,Woodruff,0.662,0.224,0.0,0.114
05149,Yell,0.582,0.348,0.0,0.07
08001,Adams,0.383,0.61,0.0,0.007
08003,Alamosa,0.34,0.63,0.0,0.03
08005,Arapahoe,0.463,0.53,0.0,0.007
08007,Archuleta,0.342,0.642,0.0,0.016
08009,Baca,0.319,0.298,0.0,0.383
08011,Bent,0.481,0.444,0.0,0.074
08013,Boulder,0.363,0.636,0.0,0.002
08015,Chaffee,0.339,0.652,0.0,0.01
08017,Cheyenne,0.5,0.4,0.0,0.1
08019,Clear Creek,0.442,0.553,0.0,0.006
08021,Conejos,0.584,0.4,0.0,0.016
08023,Costilla,0.566,0.204,0.0,0.23
08025,Crowley,0.469,0.5,0.0,0.031
08027,Custer,0.43,0.57,0.0,0.0
08029,Delta,0.295,0.696,0.0,0.008
08031,Denver,0.45,0.544,0.0,0.007
08033,Dolores,0.229,0.629,0.0,0.143
08037,Eagle,0.352,0.637,0.0,0.011
08039,Elbert,0.379,0.613,0.0,0.009
08041,El Paso,0.384,0.611,0.0,0.005
08043,Fremont,0.412,0.571,0.0,0.017
08045,Garfield,0.368,0.615,0.0,0.018
08047,Gilpin,0.298,0.698,0.0,0.004
08049,Grand,0.321,0.638,0.0,0.041
08051,Gunnison,0.224,0.763,0.0,0.013
08053,Hinsdale,0.214,0.714,0.0,0.071
08055,Huerfano,0.362,0.584,0.0,0.054
08057,Jackson,0.556,0.444,0.0,0.0
08059,Jefferson,0.396,0.598,0.0,0.006
08061,Kiowa,0.455,0.182,0.0,0.364
08063,Kit Carson,0.407,0.593,0.0,0.0
08065,Lake,0.235,0.73,0.0,0.035
08067,La Plata,0.358,0.641,0.0,0.0
08069,Larimer,0.327,0.671,0.0,0.002
08071,Las Animas,0.386,0.512,0.0,0.101
08073,Lincoln,0.476,0.333,0.0,0.19
08075,Logan,0.513,0.467,0.0,0.02
08077,Mesa,0.414,0.573,0.0,0.013
08079,Mineral,0.381,0.595,0.0,0.024
08081,Moffat,0.42,0.56,0.0,0.02
08083,Montezuma,0.324,0.673,0.0,0.003
08085,Montrose,0.447,0.549,0.0,0.004
08087,Morgan,0.446,0.554,0.0,0.0
08089,Otero,0.451,0.543,0.0,0.006
08091,Ouray,0.355,0.645,0.0,0.0
08095,Phillips,0.344,0.562,0.0,0.094
08097,Pitkin,0.453,0.547,0.0,0.0
08099,Prowers,0.69,0.31,0.0,0.0
08101,Pueblo,0.517,0.467,0.0,0.016
08103,Rio Blanco,0.308,0.692,0.0,0.0
08105,Rio Grande,0.435,0.546,0.0,0.019
08107,Routt,0.357,0.63,0.0,0.012
08109,Saguache,0.174,0.811,0.0,0.015
08111,San Juan,0.289,0.711,0.0,0.0
08113,San Miguel,0.212,0.783,0.0,0.005
08115,Sedgwick,0.619,0.381,0.0,0.0
08117,Summit,0.395,0.6,0.0,0.004
08119,Teller,0.358,0.622,0.0,0.02
08121,Washington,0.435,0.522,0.0,0.043
08123,Weld,0.372,0.62,0.0,0.008
08125,Yuma,0.536,0.393,0.0,0.071
08035,Douglas,0.496,0.497,0.0,0.007
08014,Broomfield,0.352,0.632,0.0,0.016
08093,Park,0.338,0.662,0.0,0.0
13001,Appling,0.756,0.219,0.0,0.025
13003,Atkinson,0.798,0.194,0.0,0.008
13005,Bacon,0.638,0.328,0.0,0.034
13007,Baker,0.851,0.135,0.0,0.014
13009,Baldwin,0.794,0.199,0.0,0.007
13011,Banks,0.49,0.481,0.0,0.028
13013,Barrow,0.617,0.372,0.0,0.011
13015,Bartow,0.59,0.397,0.0,0.013
13017,Ben Hill,0.802,0.184,0.0,0.013
13019,Berrien,0.667,0.3,0.0,0.033
13021,Bibb,0.828,0.168,0.0,0.004
13023,Bleckley,0.777,0.206,0.0,0.017
13025,Brantley,0.491,0.441,0.0,0.068
13027,Brooks,0.776,0.215,0.0,0.009
13029,Bryan,0.633,0.355,0.0,0.011
13031,Bulloch,0.607,0.388,0.0,0.005
13033,Burke,0.895,0.099,0.0,0.005
13035,Butts,0.817,0.169,0.0,0.013
13037,Calhoun,0.889,0.109,0.0,0.002
13039,Camden,0.666,0.326,0.0,0.008
13043,Candler,0.783,0.199,0.0,0.018
13045,Carroll,0.617,0.376,0.0,0.006
13047,Catoosa,0.508,0.481,0.0,0.011
13049,Charlton,0.737,0.225,0.0,0.038
13051,Chatham,0.723,0.272,0.0,0.004
13053,Chattahoochee,0.812,0.179,0.0,0.009
13055,Chattooga,0.637,0.34,0.0,0.024
13057,Cherokee,0.518,0.476,0.0,0.006
13059,Clarke,0.507,0.49,0.0,0.003
13061,Clay,0.858,0.127,0.0,0.014
13063,Clayton,0.816,0.18,0.0,0.003
13065,Clinch,0.795,0.181,0.0,0.024
13067,Cobb,0.635,0.362,0.0,0.004
13069,Coffee,0.77,0.217,0.0,0.013
13071,Colquitt,0.761,0.222,0.0,0.017
13073,Columbia,0.669,0.325,0.0,0.007
13075,Cook,0.762,0.225,0.0,0.013
13077,Coweta,0.665,0.327,0.0,0.008
13079,Crawford,0.791,0.193,0.0,0.016
13081,Crisp,0.801,0.189,0.0,0.01
13083,Dade,0.503,0.48,0.0,0.017
13085,Dawson,0.53,0.455,0.0,0.015
13087,Decatur,0.79,0.2,0.0,0.01
13089,DeKalb,0.715,0.283,0.0,0.002
13091,Dodge,0.795,0.194,0.0,0.011
13093,Dooly,0.884,0.109,0.0,0.007
13095,Dougherty,0.857,0.138,0.0,0.005
13097,Douglas,0.746,0.25,0.0,0.004
13099,Early,0.892,0.101,0.0,0.007
13101,Echols,0.457,0.514,0.0,0.029
13103,Effingham,0.645,0.339,0.0,0.016
13105,Elbert,0.75,0.24,0.0,0.01
13107,Emanuel,0.831,0.159,0.0,0.01
13109,Evans,0.785,0.192,0.0,0.023
13111,Fannin,0.599,0.391,0.0,0.01
13113,Fayette,0.711,0.286,0.0,0.004
13115,Floyd,0.645,0.342,0.0,0.013
13117,Forsyth,0.538,0.457,0.0,0.005
13119,Franklin,0.627,0.362,0.0,0.011
13121,Fulton,0.711,0.287,0.0,0.002
13123,Gilmer,0.53,0.457,0.0,0.013
13125,Glascock,0.623,0.311,0.0,0.066
13127,Glynn,0.687,0.306,0.0,0.008
13129,Gordon,0.575,0.41,0.0,0.015
13131,Grady,0.759,0.223,0.0,0.017
13133,Greene,0.858,0.135,0.0,0.007
13135,Gwinnett,0.662,0.334,0.0,0.004
13137,Habersham,0.52,0.473,0.0,0.008
13139,Hall,0.603,0.389,0.0,0.009
13141,Hancock,0.874,0.114,0.0,0.013
13143,Haralson,0.551,0.415,0.0,0.033
13145,Harris,0.75,0.245,0.0,0.005
13147,Hart,0.723,0.27,0.0,0.008
13149,Heard,0.701,0.282,0.0,0.018
13151,Henry,0.777,0.219,0.0,0.004
13153,Houston,0.76,0.236,0.0,0.005
13155,Irwin,0.799,0.181,0.0,0.02
13157,Jackson,0.614,0.375,0.0,0.011
13159,Jasper,0.814,0.171,0.0,0.014
13161,Jeff Davis,0.766,0.203,0.0,0.031
13163,Jefferson,0.885,0.11,0.0,0.005
13165,Jenkins,0.841,0.152,0.0,0.007
13167,Johnson,0.851,0.14,0.0,0.009
13169,Jones,0.802,0.188,0.0,0.01
13171,Lamar,0.799,0.191,0.0,0.01
13173,Lanier,0.765,0.225,0.0,0.01
13175,Laurens,0.822,0.162,0.0,0.015
13177,Lee,0.742,0.246,0.0,0.012
13179,Liberty,0.797,0.194,0.0,0.008
13181,Lincoln,0.845,0.146,0.0,0.009
13183,Long,0.685,0.291,0.0,0.024
13185,Lowndes,0.68,0.313,0.0,0.007
13187,Lumpkin,0.506,0.481,0.0,0.013
13189,McDuffie,0.847,0.148,0.0,0.005
13191,McIntosh,0.844,0.146,0.0,0.01
13193,Macon,0.899,0.097,0.0,0.005
13195,Madison,0.557,0.429,0.0,0.014
13197,Marion,0.763,0.212,0.0,0.025
13199,Meriwether,0.854,0.138,0.0,0.008
13201,Miller,0.776,0.18,0.0,0.044
13205,Mitchell,0.858,0.13,0.0,0.012
13207,Monroe,0.801,0.192,0.0,0.007
13209,Montgomery,0.782,0.196,0.0,0.022
13211,Morgan,0.775,0.221,0.0,0.004
13213,Murray,0.512,0.469,0.0,0.02
13215,Muscogee,0.791,0.205,0.0,0.004
13217,Newton,0.78,0.215,0.0,0.005
13219,Oconee,0.525,0.471,0.0,0.004
13221,Oglethorpe,0.605,0.386,0.0,0.009
13223,Paulding,0.656,0.338,0.0,0.006
13225,Peach,0.837,0.158,0.0,0.005
13227,Pickens,0.531,0.456,0.0,0.012
13229,Pierce,0.67,0.318,0.0,0.012
13231,Pike,0.684,0.307,0.0,0.01
13233,Polk,0.686,0.293,0.0,0.022
13235,Pulaski,0.86,0.137,0.0,0.002
13237,Putnam,0.802,0.19,0.0,0.008
13239,Quitman,0.91,0.071,0.0,0.019
13241,Rabun,0.541,0.444,0.0,0.015
13243,Randolph,0.895,0.092,0.0,0.013
13245,Richmond,0.817,0.18,0.0,0.004
13247,Rockdale,0.78,0.218,0.0,0.002
13249,Schley,0.834,0.143,0.0,0.023
13251,Screven,0.811,0.175,0.0,0.015
13253,Seminole,0.844,0.145,0.0,0.011
13255,Spalding,0.786,0.206,0.0,0.008
13257,Stephens,0.607,0.375,0.0,0.018
13259,Stewart,0.9,0.09,0.0,0.01
13261,Sumter,0.824,0.17,0.0,0.006
13263,Talbot,0.867,0.122,0.0,0.011
13265,Taliaferro,0.864,0.128,0.0,0.007
13267,Tattnall,0.761,0.225,0.0,0.015
13269,Taylor,0.877,0.114,0.0,0.009
13271,Telfair,0.811,0.173,0.0,0.015
13273,Terrell,0.881,0.115,0.0,0.004
13275,Thomas,0.782,0.21,0.0,0.008
13277,Tift,0.759,0.227,0.0,0.015
13279,Toombs,0.762,0.225,0.0,0.014
13281,Towns,0.529,0.451,0.0,0.02
13283,Treutlen,0.822,0.159,0.0,0.019
13285,Troup,0.789,0.2,0.0,0.011
13287,Turner,0.789,0.194,0.0,0.017
13289,Twiggs,0.864,0.125,0.0,0.012
13291,Union,0.563,0.41,0.0,0.027
13293,Upson,0.808,0.183,0.0,0.009
13295,Walker,0.53,0.455,0.0,0.015
13297,Walton,0.699,0.294,0.0,0.007
13299,Ware,0.75,0.232,0.0,0.018
13301,Warren,0.895,0.094,0.0,0.011
13303,Washington,0.864,0.127,0.0,0.009
13305,Wayne,0.732,0.247,0.0,0.021
13307,Webster,0.895,0.095,0.0,0.011
13309,Wheeler,0.859,0.126,0.0,0.015
13311,White,0.524,0.463,0.0,0.013
13313,Whitfield,0.533,0.454,0.0,0.013
13315,Wilcox,0.868,0.118,0.0,0.014
13317,Wilkes,0.821,0.165,0.0,0.014
13319,Wilkinson,0.833,0.155,0.0,0.012
13321,Worth,0.794,0.193,0.0,0.013
25001,BARNSTABLE,0.489,0.501,0.0,0.009
25003,BERKSHIRE,0.476,0.515,0.0,0.01
25005,BRISTOL,0.494,0.49,0.0,0.016
25007,DUKES,0.45,0.546,0.0,0.004
25009,ESSEX,0.491,0.497,0.0,0.013
25011,FRANKLIN,0.291,0.704,0.0,0.005
25013,HAMPDEN,0.508,0.475,0.0,0.016
25015,HAMPSHIRE,0.365,0.627,0.0,0.008
25017,MIDDLESEX,0.518,0.471,0.0,0.011
25019,NANTUCKET,0.478,0.514,0.0,0.008
25021,NORFOLK,0.531,0.456,0.0,0.014
25023,PLYMOUTH,0.487,0.5,0.0,0.014
25025,SUFFOLK,0.571,0.418,0.0,0.011
25027,WORCESTER,0.451,0.536,0.0,0.013
40001,Adair,0.334,0.558,0.0,0.107
40003,Alfalfa,0.28,0.581,0.0,0.14
40005,Atoka,0.284,0.554,0.0,0.162
40007,Beaver,0.289,0.522,0.0,0.189
40009,Beckham,0.312,0.554,0.0,0.134
40011,Blaine,0.373,0.518,0.0,0.11
40013,Bryan,0.312,0.568,0.0,0.119
40015,Caddo,0.364,0.53,0.0,0.105
40017,Canadian,0.384,0.563,0.0,0.053
40019,Carter,0.323,0.55,0.0,0.127
40021,Cherokee,0.387,0.554,0.0,0.059
40023,Choctaw,0.29,0.564,0.0,0.146
40025,Cimarron,0.175,0.54,0.0,0.286
40027,Cleveland,0.376,0.593,0.0,0.031
40029,Coal,0.19,0.636,0.0,0.174
40031,Comanche,0.449,0.485,0.0,0.066
40033,Cotton,0.297,0.564,0.0,0.14
40035,Craig,0.358,0.545,0.0,0.097
40037,Creek,0.42,0.509,0.0,0.071
40039,Custer,0.336,0.571,0.0,0.093
40041,Delaware,0.412,0.505,0.0,0.083
40043,Dewey,0.275,0.554,0.0,0.17
40045,Ellis,0.233,0.641,0.0,0.126
40047,Garfield,0.413,0.522,0.0,0.065
40049,Garvin,0.327,0.541,0.0,0.132
40051,Grady,0.342,0.562,0.0,0.096
40053,Grant,0.319,0.571,0.0,0.11
40055,Greer,0.276,0.558,0.0,0.166
40057,Harmon,0.372,0.509,0.0,0.119
40059,Harper,0.261,0.579,0.0,0.161
40061,Haskell,0.328,0.519,0.0,0.154
40063,Hughes,0.33,0.537,0.0,0.132
40065,Jackson,0.386,0.498,0.0,0.115
40067,Jefferson,0.294,0.517,0.0,0.189
40069,Johnston,0.248,0.578,0.0,0.174
40071,Kay,0.385,0.535,0.0,0.081
40073,Kingfisher,0.332,0.585,0.0,0.083
40075,Kiowa,0.348,0.54,0.0,0.111
40077,Latimer,0.312,0.533,0.0,0.155
40079,LeFlore,0.331,0.505,0.0,0.163
40081,Lincoln,0.385,0.538,0.0,0.077
40083,Logan,0.421,0.527,0.0,0.053
40085,Love,0.32,0.511,0.0,0.169
40087,McClain,0.354,0.571,0.0,0.074
40089,McCurtain,0.283,0.523,0.0,0.193
40091,McIntosh,0.402,0.496,0.0,0.102
40093,Major,0.347,0.532,0.0,0.121
40095,Marshall,0.303,0.56,0.0,0.137
40097,Mayes,0.4,0.517,0.0,0.084
40099,Murray,0.327,0.546,0.0,0.127
40101,Muskogee,0.448,0.466,0.0,0.086
40103,Noble,0.353,0.548,0.0,0.099
40105,Nowata,0.382,0.499,0.0,0.119
40107,Okfuskee,0.369,0.523,0.0,0.108
40109,Oklahoma,0.501,0.474,0.0,0.025
40111,Okmulgee,0.457,0.461,0.0,0.081
40113,Osage,0.475,0.462,0.0,0.063
40115,Ottawa,0.393,0.501,0.0,0.106
40117,Pawnee,0.405,0.511,0.0,0.084
40119,Payne,0.389,0.567,0.0,0.044
40121,Pittsburg,0.316,0.558,0.0,0.126
40123,Pontotoc,0.296,0.598,0.0,0.106
40125,Pottawatomie,0.375,0.555,0.0,0.07
40127,Pushmataha,0.267,0.561,0.0,0.172
40129,Roger Mills,0.216,0.58,0.0,0.203
40131,Rogers,0.396,0.529,0.0,0.075
40133,Seminole,0.391,0.501,0.0,0.108
40135,Sequoyah,0.36,0.496,0.0,0.144
40137,Stephens,0.312,0.561,0.0,0.127
40139,Texas,0.317,0.467,0.0,0.215
40141,Tillman,0.332,0.537,0.0,0.13
40143,Tulsa,0.474,0.496,0.0,0.03
40145,Wagoner,0.435,0.491,0.0,0.073
40147,Washington,0.424,0.516,0.0,0.06
40149,Washita,0.251,0.601,0.0,0.148
40151,Woods,0.338,0.565,0.0,0.097
40153,Woodward,0.308,0.624,0.0,0.068
47001,Anderson,0.547,0.434,0.0,0.02
47003,Bedford,0.678,0.293,0.0,0.029
47005,Benton,0.635,0.325,0.0,0.04
47007,Bledsoe,0.607,0.328,0.0,0.066
47009,Blount,0.531,0.458,0.0,0.011
47011,Bradley,0.552,0.437,0.0,0.011
47013,Campbell,0.667,0.307,0.0,0.026
47015,Cannon,0.645,0.32,0.0,0.035
47017,Carroll,0.676,0.288,0.0,0.037
47019,Carter,0.476,0.51,0.0,0.014
47021,Cheatham,0.562,0.422,0.0,0.016
47023,Chester,0.69,0.288,0.0,0.022
47025,Claiborne,0.617,0.354,0.0,0.028
47027,Clay,0.709,0.27,0.0,0.021
47029,Cocke,0.556,0.433,0.0,0.011
47031,Coffee,0.625,0.346,0.0,0.029
47033,Crockett,0.785,0.191,0.0,0.024
47035,Cumberland,0.578,0.391,0.0,0.03
47037,Davidson,0.653,0.338,0.0,0.01
47039,Decatur,0.675,0.268,0.0,0.057
47041,DeKalb,0.691,0.309,0.0,0.0
47043,Dickson,0.671,0.312,0.0,0.017
47045,Dyer,0.715,0.265,0.0,0.02
47047,Fayette,0.841,0.152,0.0,0.008
47049,Fentress,0.632,0.343,0.0,0.025
47051,Franklin,0.648,0.33,0.0,0.022
47053,Gibson,0.768,0.212,0.0,0.02
47055,Giles,0.732,0.252,0.0,0.016
47057,Grainger,0.611,0.354,0.0,0.035
47059,Greene,0.534,0.442,0.0,0.024
47061,Grundy,0.648,0.297,0.0,0.055
47063,Hamblen,0.565,0.405,0.0,0.03
47065,Hamilton,0.644,0.347,0.0,0.009
47067,Hancock,0.537,0.443,0.0,0.02
47069,Hardeman,0.877,0.115,0.0,0.008
47071,Hardin,0.707,0.274,0.0,0.019
47073,Hawkins,0.587,0.38,0.0,0.033
47075,Haywood,0.886,0.106,0.0,0.008
47077,Henderson,0.689,0.297,0.0,0.014
47079,Henry,0.662,0.3,0.0,0.038
47081,Hickman,0.609,0.362,0.0,0.029
47083,Houston,0.671,0.296,0.0,0.034
47085,Humphreys,0.677,0.305,0.0,0.017
47087,Jackson,0.653,0.315,0.0,0.032
47089,Jefferson,0.542,0.436,0.0,0.022
47091,Johnson,0.516,0.469,0.0,0.015
47093,Knox,0.51,0.479,0.0,0.011
47095,Lake,0.778,0.197,0.0,0.025
47097,Lauderdale,0.829,0.155,0.0,0.016
47099,Lawrence,0.536,0.359,0.0,0.105
47101,Lewis,0.492,0.483,0.0,0.025
47103,Lincoln,0.673,0.303,0.0,0.023
47105,Loudon,0.605,0.376,0.0,0.018
47107,McMinn,0.608,0.366,0.0,0.026
47109,McNairy,0.745,0.237,0.0,0.018
47111,Macon,0.652,0.321,0.0,0.027
47113,Madison,0.807,0.185,0.0,0.008
47115,Marion,0.62,0.332,0.0,0.048
47117,Marshall,0.674,0.309,0.0,0.017
47119,Maury,0.636,0.351,0.0,0.013
47121,Meigs,0.663,0.303,0.0,0.034
47123,Monroe,0.636,0.308,0.0,0.056
47125,Montgomery,0.652,0.332,0.0,0.016
47127,Moore,0.651,0.29,0.0,0.059
47129,Morgan,0.587,0.371,0.0,0.041
47131,Obion,0.653,0.297,0.0,0.05
47133,Overton,0.591,0.319,0.0,0.09
47135,Perry,0.65,0.326,0.0,0.024
47137,Pickett,0.756,0.226,0.0,0.018
47139,Polk,0.479,0.352,0.0,0.169
47141,Putnam,0.519,0.459,0.0,0.022
47143,Rhea,0.576,0.379,0.0,0.045
47145,Roane,0.601,0.379,0.0,0.02
47147,Robertson,0.685,0.295,0.0,0.02
47149,Rutherford,0.572,0.417,0.0,0.011
47151,Scott,0.583,0.385,0.0,0.032
47153,Sequatchie,0.561,0.423,0.0,0.016
47155,Sevier,0.494,0.486,0.0,0.02
47157,Shelby,0.801,0.193,0.0,0.006
47159,Smith,0.706,0.273,0.0,0.022
47161,Stewart,0.66,0.306,0.0,0.034
47163,Sullivan,0.541,0.439,0.0,0.019
47165,Sumner,0.643,0.344,0.0,0.013
47167,Tipton,0.711,0.281,0.0,0.008
47169,Trousdale,0.725,0.255,0.0,0.02
47171,Unicoi,0.46,0.513,0.0,0.026
47173,Union,0.601,0.373,0.0,0.027
47175,Van Buren,0.676,0.268,0.0,0.056
47177,Warren,0.643,0.327,0.0,0.029
47179,Washington,0.458,0.531,0.0,0.011
47181,Wayne,0.63,0.342,0.0,0.027
47183,Weakley,0.632,0.332,0.0,0.036
47185,White,0.606,0.353,0.0,0.041
47187,Williamson,0.603,0.39,0.0,0.007
47189,Wilson,0.641,0.348,0.0,0.012
48001,Anderson,0.756,0.227,0.0,0.017
48003,Andrews,0.661,0.33,0.0,0.009
48005,Angelina,0.737,0.235,0.0,0.028
48007,Aransas,0.63,0.351,0.0,0.018
48009,Archer,0.589,0.381,0.0,0.03
48011,Armstrong,0.2,0.8,0.0,0.0
48013,Atascosa,0.717,0.253,0.0,0.03
48015,Austin,0.734,0.246,0.0,0.019
48017,Bailey,0.712,0.246,0.0,0.042
48019,Bandera,0.555,0.43,0.0,0.015
48021,Bastrop,0.591,0.397,0.0,0.012
48023,Baylor,0.613,0.32,0.0,0.067
48025,Bee,0.751,0.212,0.0,0.037
48027,Bell,0.699,0.29,0.0,0.01
48029,Bexar,0.668,0.321,0.0,0.011
48031,Blanco,0.547,0.453,0.0,0.0
48033,Borden,0.8,0.2,0.0,0.0
48035,Bosque,0.626,0.353,0.0,0.021
48037,Bowie,0.761,0.214,0.0,0.025
48039,Brazoria,0.696,0.288,0.0,0.016
48041,Brazos,0.491,0.494,0.0,0.015
48043,Brewster,0.436,0.481,0.0,0.082
48045,Briscoe,0.571,0.393,0.0,0.036
48047,Brooks,0.744,0.168,0.0,0.089
48049,Brown,0.585,0.389,0.0,0.026
48051,Burleson,0.74,0.235,0.0,0.025
48053,Burnet,0.594,0.393,0.0,0.013
48055,Caldwell,0.652,0.327,0.0,0.021
48057,Calhoun,0.675,0.28,0.0,0.045
48059,Callahan,0.441,0.533,0.0,0.026
48061,Cameron,0.682,0.279,0.0,0.039
48063,Camp,0.766,0.212,0.0,0.022
48065,Carson,0.625,0.375,0.0,0.0
48067,Cass,0.731,0.248,0.0,0.021
48069,Castro,0.738,0.233,0.0,0.029
48071,Chambers,0.68,0.29,0.0,0.031
48073,Cherokee,0.742,0.242,0.0,0.016
48075,Childress,0.587,0.37,0.0,0.043
48077,Clay,0.628,0.335,0.0,0.037
48079,Cochran,0.5,0.375,0.0,0.125
48081,Coke,0.481,0.481,0.0,0.038
48083,Coleman,0.6,0.392,0.0,0.008
48085,Collin,0.592,0.403,0.0,0.005
48087,Collingsworth,0.59,0.393,0.0,0.016
48089,Colorado,0.748,0.237,0.0,0.016
48091,Comal,0.6,0.39,0.0,0.01
48093,Comanche,0.633,0.338,0.0,0.029
48095,Concho,0.692,0.282,0.0,0.026
48097,Cooke,0.564,0.42,0.0,0.016
48099,Coryell,0.627,0.358,0.0,0.016
48101,Cottle,0.565,0.391,0.0,0.043
48103,Crane,0.66,0.255,0.0,0.085
48105,Crockett,0.377,0.34,0.0,0.282
48107,Crosby,0.582,0.404,0.0,0.013
48109,Culberson,0.62,0.279,0.0,0.101
48111,Dallam,0.615,0.333,0.0,0.051
48113,Dallas,0.715,0.278,0.0,0.007
48115,Dawson,0.702,0.26,0.0,0.038
48117,Deaf Smith,0.678,0.292,0.0,0.031
48119,Delta,0.679,0.315,0.0,0.006
48121,Denton,0.508,0.485,0.0,0.007
48123,De Witt,0.703,0.271,0.0,0.026
48125,Dickens,0.52,0.44,0.0,0.04
48127,Dimmit,0.689,0.204,0.0,0.107
48129,Donley,0.478,0.507,0.0,0.014
48131,Duval,0.762,0.175,0.0,0.063
48133,Eastland,0.557,0.397,0.0,0.046
48135,Ector,0.649,0.33,0.0,0.021
48137,Edwards,0.575,0.37,0.0,0.055
48139,Ellis,0.695,0.292,0.0,0.013
48141,El Paso,0.66,0.315,0.0,0.025
48143,Erath,0.525,0.449,0.0,0.026
48145,Falls,0.814,0.17,0.0,0.016
48147,Fannin,0.63,0.346,0.0,0.024
48149,Fayette,0.639,0.338,0.0,0.023
48151,Fisher,0.533,0.344,0.0,0.123
48153,Floyd,0.659,0.264,0.0,0.077
48155,Foard,0.343,0.481,0.0,0.176
48157,Fort Bend,0.746,0.249,0.0,0.004
48159,Franklin,0.676,0.303,0.0,0.021
48161,Freestone,0.768,0.206,0.0,0.026
48163,Frio,0.677,0.229,0.0,0.094
48165,Gaines,0.558,0.362,0.0,0.08
48167,Galveston,0.682,0.306,0.0,0.012
48169,Garza,0.565,0.355,0.0,0.081
48171,Gillespie,0.719,0.278,0.0,0.003
48173,Glasscock,0.5,0.5,0.0,0.0
48175,Goliad,0.664,0.258,0.0,0.078
48177,Gonzales,0.723,0.253,0.0,0.024
48179,Gray,0.539,0.417,0.0,0.044
48181,Grayson,0.528,0.459,0.0,0.013
48183,Gregg,0.781,0.207,0.0,0.012
48185,Grimes,0.731,0.252,0.0,0.016
48187,Guadalupe,0.64,0.348,0.0,0.012
48189,Hale,0.603,0.34,0.0,0.056
48191,Hall,0.643,0.286,0.0,0.071
48193,Hamilton,0.565,0.402,0.0,0.033
48195,Hansford,0.583,0.333,0.0,0.083
48197,Hardeman,0.394,0.489,0.0,0.117
48199,Hardin,0.595,0.379,0.0,0.026
48201,Harris,0.705,0.285,0.0,0.01
48203,Harrison,0.788,0.204,0.0,0.008
48205,Hartley,0.558,0.365,0.0,0.077
48207,Haskell,0.587,0.343,0.0,0.07
48209,Hays,0.469,0.518,0.0,0.013
48211,Hemphill,0.652,0.348,0.0,0.0
48213,Henderson,0.716,0.269,0.0,0.016
48215,Hidalgo,0.691,0.273,0.0,0.037
48217,Hill,0.691,0.286,0.0,0.023
48219,Hockley,0.583,0.369,0.0,0.048
48221,Hood,0.626,0.356,0.0,0.018
48223,Hopkins,0.668,0.317,0.0,0.015
48225,Houston,0.8,0.174,0.0,0.026
48227,Howard,0.635,0.347,0.0,0.018
48229,Hudspeth,0.538,0.355,0.0,0.106
48231,Hunt,0.605,0.386,0.0,0.009
48233,Hutchinson,0.565,0.38,0.0,0.055
48235,Irion,0.651,0.326,0.0,0.023
48237,Jack,0.621,0.329,0.0,0.05
48239,Jackson,0.706,0.249,0.0,0.045
48241,Jasper,0.756,0.219,0.0,0.024
48243,Jeff Davis,0.496,0.468,0.0,0.035
48245,Jefferson,0.769,0.206,0.0,0.025
48247,Jim Hogg,0.75,0.188,0.0,0.062
48249,Jim Wells,0.716,0.219,0.0,0.064
48251,Johnson,0.585,0.403,0.0,0.011
48253,Jones,0.634,0.344,0.0,0.022
48255,Karnes,0.528,0.35,0.0,0.122
48257,Kaufman,0.697,0.296,0.0,0.007
48259,Kendall,0.562,0.43,0.0,0.008
48261,Kenedy,0.594,0.302,0.0,0.104
48263,Kent,0.367,0.467,0.0,0.167
48265,Kerr,0.584,0.406,0.0,0.01
48267,Kimble,0.446,0.523,0.0,0.031
48269,King,0.667,0.333,0.0,0.0
48271,Kinney,0.608,0.308,0.0,0.084
48273,Kleberg,0.707,0.256,0.0,0.037
48275,Knox,0.716,0.179,0.0,0.105
48277,Lamar,0.693,0.291,0.0,0.016
48279,Lamb,0.533,0.269,0.0,0.198
48281,Lampasas,0.6,0.38,0.0,0.02
48283,La Salle,0.701,0.196,0.0,0.103
48285,La Vaca,0.685,0.291,0.0,0.023
48287,Lee,0.656,0.321,0.0,0.023
48289,Leon,0.743,0.229,0.0,0.028
48291,Liberty,0.715,0.26,0.0,0.025
48293,Limestone,0.791,0.193,0.0,0.016
48295,Lipscomb,0.647,0.324,0.0,0.029
48297,Live Oak,0.677,0.24,0.0,0.083
48299,Llano,0.645,0.336,0.0,0.019
48301,Loving,0.25,0.417,0.0,0.333
48303,Lubbock,0.574,0.409,0.0,0.016
48305,Lynn,0.583,0.417,0.0,0.0
48307,McCulloch,0.664,0.307,0.0,0.029
48309,McLennan,0.67,0.319,0.0,0.012
48311,McMullen,0.8,0.2,0.0,0.0
48313,Madison,0.754,0.229,0.0,0.017
48315,Marion,0.761,0.222,0.0,0.016
48317,Martin,0.59,0.279,0.0,0.131
48319,Mason,0.627,0.352,0.0,0.021
48321,Matagorda,0.742,0.234,0.0,0.024
48323,Maverick,0.695,0.242,0.0,0.063
48325,Medina,0.698,0.284,0.0,0.019
48327,Menard,0.561,0.39,0.0,0.049
48329,Midland,0.63,0.346,0.0,0.023
48331,Milam,0.678,0.296,0.0,0.026
48333,Mills,0.532,0.436,0.0,0.032
48335,Mitchell,0.741,0.211,0.0,0.048
48337,Montague,0.543,0.433,0.0,0.025
48339,Montgomery,0.595,0.398,0.0,0.008
48341,Moore,0.598,0.325,0.0,0.076
48343,Morris,0.733,0.229,0.0,0.038
48345,Motley,0.684,0.316,0.0,0.0
48347,Nacogdoches,0.652,0.338,0.0,0.01
48349,Navarro,0.725,0.253,0.0,0.023
48351,Newton,0.462,0.404,0.0,0.134
48353,Nolan,0.655,0.296,0.0,0.049
48355,Nueces,0.705,0.278,0.0,0.017
48357,Ochiltree,0.53,0.439,0.0,0.03
48359,Oldham,0.688,0.25,0.0,0.062
48361,Orange,0.681,0.3,0.0,0.019
48363,Palo Pinto,0.595,0.379,0.0,0.026
48365,Panola,0.801,0.186,0.0,0.013
48367,Parker,0.545,0.446,0.0,0.009
48369,Parmer,0.726,0.23,0.0,0.044
48371,Pecos,0.554,0.332,0.0,0.114
48373,Polk,0.713,0.267,0.0,0.02
48375,Potter,0.566,0.414,0.0,0.02
48377,Presidio,0.574,0.331,0.0,0.095
48379,Rains,0.643,0.331,0.0,0.026
48381,Randall,0.511,0.476,0.0,0.013
48383,Reagan,0.632,0.368,0.0,0.0
48385,Real,0.538,0.442,0.0,0.019
48387,Red River,0.79,0.182,0.0,0.027
48389,Reeves,0.596,0.297,0.0,0.107
48391,Refugio,0.642,0.296,0.0,0.062
48393,Roberts,0.6,0.4,0.0,0.0
48395,Robertson,0.709,0.23,0.0,0.061
48397,Rockwall,0.596,0.359,0.0,0.044
48399,Runnels,0.576,0.396,0.0,0.029
48401,Rusk,0.781,0.194,0.0,0.025
48403,Sabine,0.664,0.284,0.0,0.052
48405,San Augustine,0.83,0.141,0.0,0.029
48407,San Jacinto,0.72,0.248,0.0,0.032
48409,San Patricio,0.732,0.236,0.0,0.033
48411,San Saba,0.674,0.314,0.0,0.012
48413,Schleicher,0.644,0.267,0.0,0.089
48415,Scurry,0.616,0.34,0.0,0.044
48417,Shackelford,0.5,0.467,0.0,0.033
48419,Shelby,0.778,0.202,0.0,0.02
48421,Sherman,0.613,0.258,0.0,0.129
48423,Smith,0.736,0.254,0.0,0.01
48425,Somervell,0.508,0.485,0.0,0.008
48427,Starr,0.778,0.183,0.0,0.039
48429,Stephens,0.556,0.432,0.0,0.012
48431,Sterling,0.5,0.4,0.0,0.1
48433,Stonewall,0.578,0.353,0.0,0.069
48435,Sutton,0.692,0.256,0.0,0.051
48437,Swisher,0.605,0.335,0.0,0.06
48439,Tarrant,0.651,0.342,0.0,0.006
48441,Taylor,0.546,0.434,0.0,0.02
48443,Terrell,0.435,0.416,0.0,0.149
48445,Terry,0.59,0.347,0.0,0.063
48447,Throckmorton,0.619,0.381,0.0,0.0
48449,Titus,0.701,0.258,0.0,0.041
48451,Tom Green,0.559,0.418,0.0,0.022
48453,Travis,0.482,0.514,0.0,0.004
48455,Trinity,0.718,0.252,0.0,0.03
48457,Tyler,0.743,0.228,0.0,0.03
48459,Upshur,0.717,0.266,0.0,0.017
48461,Upton,0.558,0.276,0.0,0.166
48463,Uvalde,0.633,0.277,0.0,0.09
48465,Val Verde,0.657,0.284,0.0,0.058
48467,Van Zandt,0.641,0.335,0.0,0.024
48469,Victoria,0.645,0.327,0.0,0.028
48471,Walker,0.613,0.374,0.0,0.013
48473,Waller,0.675,0.308,0.0,0.017
48475,Ward,0.622,0.299,0.0,0.079
48477,Washington,0.731,0.257,0.0,0.011
48479,Webb,0.719,0.239,0.0,0.042
48481,Wharton,0.786,0.182,0.0,0.032
48483,Wheeler,0.597,0.371,0.0,0.032
48485,Wichita,0.552,0.435,0.0,0.014
48487,Wilbarger,0.615,0.339,0.0,0.045
48489,Willacy,0.701,0.222,0.0,0.077
48491,Williamson,0.527,0.467,0.0,0.006
48493,Wilson,0.714,0.268,0.0,0.017
48495,Winkler,0.698,0.256,0.0,0.047
48497,Wise,0.562,0.418,0.0,0.02
48499,Wood,0.687,0.296,0.0,0.018
48501,Yoakum,0.429,0.476,0.0,0.095
48503,Young,0.586,0.388,0.0,0.027
48505,Zapata,0.678,0.236,0.0,0.085
48507,Zavala,0.755,0.181,0.0,0.064
51001,Accomack,0.72,0.274,0.0,0.006
51003,Albemarle,0.545,0.45,0.0,0.005
51005,Alleghany,0.633,0.36,0.0,0.007
51007,Amelia,0.788,0.21,0.0,0.002
51009,Amherst,0.652,0.341,0.0,0.007
51011,Appomattox,0.67,0.321,0.0,0.009
51013,Arlington,0.669,0.328,0.0,0.004
51015,Augusta,0.48,0.514,0.0,0.006
51017,Bath,0.63,0.366,0.0,0.004
51019,Bedford,0.565,0.429,0.0,0.007
51021,Bland,0.517,0.471,0.0,0.012
51023,Botetourt,0.557,0.436,0.0,0.007
51025,Brunswick,0.897,0.101,0.0,0.002
51027,Buchanan,0.704,0.283,0.0,0.013
51029,Buckingham,0.75,0.246,0.0,0.004
51031,Campbell,0.657,0.338,0.0,0.005
51033,Caroline,0.743,0.25,0.0,0.007
51035,Carroll,0.571,0.424,0.0,0.005
51036,Charles City,0.856,0.14,0.0,0.004
51037,Charlotte,0.791,0.202,0.0,0.007
51041,Chesterfield,0.661,0.335,0.0,0.004
51043,Clarke,0.514,0.477,0.0,0.009
51045,Craig,0.511,0.48,0.0,0.009
51047,Culpeper,0.547,0.444,0.0,0.008
51049,Cumberland,0.799,0.198,0.0,0.004
51051,Dickenson,0.6,0.386,0.0,0.014
51053,Dinwiddie,0.833,0.161,0.0,0.005
51057,Essex,0.822,0.17,0.0,0.008
51059,Fairfax,0.63,0.364,0.0,0.005
51061,Fauquier,0.545,0.447,0.0,0.007
51063,Floyd,0.297,0.7,0.0,0.003
51065,Fluvanna,0.576,0.418,0.0,0.006
51067,Franklin,0.626,0.366,0.0,0.008
51069,Frederick,0.505,0.488,0.0,0.007
51071,Giles,0.558,0.435,0.0,0.007
51073,Gloucester,0.591,0.405,0.0,0.004
51075,Goochland,0.716,0.282,0.0,0.002
51077,Grayson,0.493,0.5,0.0,0.007
51079,Greene,0.487,0.508,0.0,0.005
51081,Greensville,0.877,0.119,0.0,0.004
51083,Halifax,0.808,0.186,0.0,0.006
51085,Hanover,0.599,0.397,0.0,0.004
51087,Henrico,0.698,0.297,0.0,0.005
51089,Henry,0.727,0.267,0.0,0.006
51091,Highland,0.494,0.506,0.0,0.0
51093,Isle of Wight,0.739,0.258,0.0,0.004
51095,James City,0.651,0.343,0.0,0.006
51097,King and Queen,0.787,0.208,0.0,0.005
51099,King George,0.594,0.397,0.0,0.01
51101,King William,0.719,0.269,0.0,0.011
51103,Lancaster,0.743,0.248,0.0,0.008
51105,Lee,0.635,0.342,0.0,0.023
51107,Loudoun,0.586,0.407,0.0,0.007
51109,Louisa,0.655,0.341,0.0,0.003
51111,Lunenburg,0.836,0.16,0.0,0.005
51113,Madison,0.591,0.407,0.0,0.002
51115,Mathews,0.633,0.358,0.0,0.009
51117,Mecklenburg,0.803,0.191,0.0,0.006
51119,Middlesex,0.653,0.345,0.0,0.002
51121,Montgomery,0.407,0.59,0.0,0.003
51125,Nelson,0.562,0.431,0.0,0.006
51127,New Kent,0.678,0.314,0.0,0.009
51131,Northampton,0.725,0.27,0.0,0.005
51133,Northumberland,0.75,0.243,0.0,0.007
51135,Nottoway,0.781,0.211,0.0,0.008
51137,Orange,0.599,0.394,0.0,0.007
51139,Page,0.536,0.46,0.0,0.004
51141,Patrick,0.488,0.503,0.0,0.008
51143,Pittsylvania,0.752,0.243,0.0,0.005
51145,Powhatan,0.644,0.353,0.0,0.002
51147,Prince Edward,0.758,0.233,0.0,0.008
51149,Prince George,0.777,0.221,0.0,0.003
51153,Prince William,0.638,0.355,0.0,0.007
51155,Pulaski,0.583,0.41,0.0,0.007
51157,Rappahannock,0.501,0.495,0.0,0.004
51159,Richmond,0.8,0.192,0.0,0.007
51161,Roanoke,0.543,0.451,0.0,0.007
51163,Rockbridge,0.571,0.428,0.0,0.002
51165,Rockingham,0.47,0.526,0.0,0.004
51167,Russell,0.599,0.388,0.0,0.013
51169,Scott,0.562,0.429,0.0,0.009
51171,Shenandoah,0.505,0.489,0.0,0.006
51173,Smyth,0.586,0.402,0.0,0.011
51175,Southampton,0.838,0.151,0.0,0.011
51177,Spotsylvania,0.604,0.389,0.0,0.007
51179,Stafford,0.603,0.388,0.0,0.008
51181,Surry,0.818,0.175,0.0,0.007
51183,Sussex,0.905,0.093,0.0,0.003
51185,Tazewell,0.577,0.402,0.0,0.021
51187,Warren,0.48,0.514,0.0,0.006
51191,Washington,0.541,0.45,0.0,0.009
51193,Westmoreland,0.745,0.25,0.0,0.005
51195,Wise,0.48,0.511,0.0,0.009
51197,Wythe,0.552,0.442,0.0,0.005
51199,York,0.615,0.381,0.0,0.005
51510,Alexandria,0.695,0.299,0.0,0.006
51520,Bristol,0.563,0.426,0.0,0.011
51530,Buena Vista,0.584,0.408,0.0,0.008
51540,Charlottesville,0.464,0.533,0.0,0.003
51550,Chesapeake,0.741,0.255,0.0,0.004
51570,Colonial Heights,0.558,0.433,0.0,0.008
51580,Covington,0.735,0.256,0.0,0.009
51590,Danville,0.8,0.196,0.0,0.005
51595,Emporia,0.882,0.114,0.0,0.004
51600,Fairfax City,0.594,0.401,0.0,0.005
51610,Falls Church,0.612,0.385,0.0,0.003
51620,Franklin City,0.882,0.11,0.0,0.007
51630,Fredericksburg,0.527,0.467,0.0,0.006
51640,Galax,0.578,0.413,0.0,0.009
51650,Hampton,0.779,0.217,0.0,0.004
51660,Harrisonburg,0.336,0.661,0.0,0.003
51670,Hopewell,0.774,0.222,0.0,0.005
51678,Lexington,0.611,0.38,0.0,0.009
51680,Lynchburg,0.616,0.381,0.0,0.002
51683,Manassas,0.581,0.41,0.0,0.009
51685,Manassas Park,0.574,0.422,0.0,0.005
51690,Martinsville,0.753,0.238,0.0,0.009
51700,Newport News,0.73,0.266,0.0,0.004
51710,Norfolk,0.692,0.304,0.0,0.003
51720,Norton,0.537,0.45,0.0,0.013
51730,Petersburg,0.854,0.143,0.0,0.003
51735,Poquoson,0.465,0.528,0.0,0.008
51740,Portsmouth,0.785,0.211,0.0,0.005
51750,Radford,0.416,0.577,0.0,0.007
51760,Richmond City,0.606,0.391,0.0,0.002
51770,Roanoke City,0.59,0.407,0.0,0.003
51775,Salem,0.511,0.48,0.0,0.008
51790,Staunton,0.448,0.548,0.0,0.004
51800,Suffolk,0.795,0.2,0.0,0.005
51810,Virginia Beach,0.63,0.365,0.0,0.005
51820,Waynesboro,0.503,0.49,0.0,0.007
51830,Williamsburg,0.491,0.507,0.0,0.003
51840,Winchester,0.51,0.484,0.0,0.006
50001,ADDISON,0.125,0.873,0.0,0.002
50003,BENNINGTON,0.181,0.816,0.0,0.003
50005,CALEDONIA,0.103,0.895,0.0,0.003
50007,CHITTENDEN,0.15,0.848,0.0,0.002
50009,ESSEX,0.136,0.859,0.0,0.005
50011,FRANKLIN,0.103,0.89,0.0,0.007
50013,GRAND ISLE,0.131,0.863,0.0,0.006
50015,LAMOILLE,0.114,0.885,0.0,0.002
50017,ORANGE,0.107,0.891,0.0,0.002
50019,ORLEANS,0.117,0.878,0.0,0.004
50021,RUTLAND,0.144,0.852,0.0,0.004
50023,WASHINGTON,0.122,0.875,0.0,0.002
50025,WINDHAM,0.123,0.875,0.0,0.002
50027,WINDSOR,0.162,0.837,0.0,0.002
22001,Acadia,0.537,0.314,0.0,0.149
22003,Allen,0.551,0.306,0.0,0.143
22005,Ascension,0.711,0.233,0.0,0.056
22007,Assumption,0.714,0.195,0.0,0.091
22009,Avoyelles,0.64,0.247,0.0,0.113
22011,Beauregard,0.535,0.308,0.0,0.157
22013,Bienville,0.769,0.162,0.0,0.069
22015,Bossier,0.665,0.27,0.0,0.064
22017,Caddo,0.798,0.168,0.0,0.034
22019,Calcasieu,0.657,0.262,0.0,0.081
22021,Caldwell,0.564,0.269,0.0,0.167
22023,Cameron,0.374,0.401,0.0,0.225
22025,Catahoula,0.606,0.273,0.0,0.121
22027,Claiborne,0.763,0.157,0.0,0.08
22029,Concordia,0.767,0.138,0.0,0.096
22031,DeSoto,0.771,0.163,0.0,0.066
22033,East Baton Rouge,0.784,0.19,0.0,0.027
22035,East Carroll,0.88,0.081,0.0,0.038
22037,East Feliciana,0.776,0.146,0.0,0.079
22039,Evangeline,0.631,0.238,0.0,0.131
22041,Franklin,0.655,0.22,0.0,0.125
22043,Grant,0.486,0.327,0.0,0.187
22045,Iberia,0.664,0.247,0.0,0.089
22047,Iberville,0.696,0.196,0.0,0.108
22049,Jackson,0.659,0.213,0.0,0.128
22051,Jefferson,0.677,0.271,0.0,0.052
22053,Jeff Davis,0.56,0.317,0.0,0.124
22055,Lafayette,0.597,0.355,0.0,0.048
22057,Lafourche,0.505,0.36,0.0,0.135
22059,LaSalle,0.302,0.408,0.0,0.29
22061,Lincoln,0.753,0.194,0.0,0.053
22063,Livingston,0.454,0.387,0.0,0.158
22065,Madison,0.823,0.112,0.0,0.065
22067,Morehouse,0.788,0.155,0.0,0.057
22069,Natchitoches,0.681,0.226,0.0,0.092
22071,Orleans,0.747,0.241,0.0,0.012
22073,Ouachita,0.786,0.158,0.0,0.056
22075,Plaquemines,0.716,0.227,0.0,0.056
22077,Pointe Coupee,0.767,0.161,0.0,0.073
22079,Rapides,0.713,0.219,0.0,0.068
22081,Red River,0.753,0.166,0.0,0.081
22083,Richland,0.761,0.148,0.0,0.091
22085,Sabine,0.498,0.333,0.0,0.169
22087,St. Bernard,0.623,0.311,0.0,0.066
22089,St. Charles,0.692,0.242,0.0,0.066
22091,St. Helena,0.838,0.111,0.0,0.052
22093,St. James,0.822,0.126,0.0,0.052
22095,St. John the Baptist,0.848,0.125,0.0,0.026
22097,St. Landry,0.741,0.191,0.0,0.068
22099,St. Martin,0.665,0.246,0.0,0.089
22101,St. Mary,0.729,0.196,0.0,0.075
22103,St. Tammany,0.572,0.363,0.0,0.065
22105,Tangipahoa,0.657,0.255,0.0,0.088
22107,Tensas,0.828,0.103,0.0,0.069
22109,Terrebonne,0.667,0.258,0.0,0.075
22111,Union,0.687,0.181,0.0,0.131
22113,Vermilion,0.54,0.349,0.0,0.111
22115,Vernon,0.495,0.358,0.0,0.148
22117,Washington,0.693,0.214,0.0,0.093
22119,Webster,0.748,0.174,0.0,0.078
22121,West Baton Rouge,0.734,0.199,0.0,0.067
22123,West Carroll,0.49,0.315,0.0,0.195
22125,West Feliciana,0.801,0.147,0.0,0.052
22127,Winn,0.635,0.251,0.0,0.113
31001,Adams,0.384,0.616,0.0,0.0
31003,Antelope,0.54,0.46,0.0,0.0
31005,Arthur,0.25,0.75,0.0,0.0
31007,Banner,0.571,0.429,0.0,0.0
31009,Blaine,0.444,0.556,0.0,0.0
31011,Boone,0.614,0.386,0.0,0.0
31013,Box Butte,0.375,0.625,0.0,0.0
31015,Boyd,0.565,0.435,0.0,0.0
31017,Brown,0.462,0.538,0.0,0.0
31019,Buffalo,0.308,0.692,0.0,0.0
31021,Burt,0.562,0.438,0.0,0.0
31023,Butler,0.472,0.528,0.0,0.0
31025,Cass,0.466,0.534,0.0,0.0
31027,Cedar,0.465,0.535,0.0,0.0
31029,Chase,0.615,0.385,0.0,0.0
31031,Cherry,0.645,0.355,0.0,0.0
31033,Cheyenne,0.389,0.611,0.0,0.0
31035,Clay,0.255,0.745,0.0,0.0
31037,Colfax,0.6,0.4,0.0,0.0
31039,Cuming,0.567,0.433,0.0,0.0
31041,Custer,0.351,0.649,0.0,0.0
31043,Dakota,0.434,0.566,0.0,0.0
31045,Dawes,0.314,0.686,0.0,0.0
31047,Dawson,0.312,0.688,0.0,0.0
31049,Deuel,0.4,0.6,0.0,0.0
31051,Dixon,0.459,0.541,0.0,0.0
31053,Dodge,0.526,0.474,0.0,0.0
31055,Douglas,0.46,0.54,0.0,0.0
31057,Dundy,0.933,0.067,0.0,0.0
31059,Fillmore,0.5,0.5,0.0,0.0
31061,Franklin,0.55,0.45,0.0,0.0
31063,Frontier,0.643,0.357,0.0,0.0
31065,Furnas,0.48,0.52,0.0,0.0
31067,Gage,0.543,0.457,0.0,0.0
31069,Garden,0.381,0.619,0.0,0.0
31073,Gosper,0.414,0.586,0.0,0.0
31077,Greeley,0.55,0.45,0.0,0.0
31079,Hall,0.447,0.553,0.0,0.0
31081,Hamilton,0.343,0.657,0.0,0.0
31083,Harlan,0.52,0.48,0.0,0.0
31085,Hayes,1.0,0.0,0.0,0.0
31087,Hitchcock,0.6,0.4,0.0,0.0
31089,Holt,0.556,0.444,0.0,0.0
31091,Hooker,0.429,0.571,0.0,0.0
31093,Howard,0.589,0.411,0.0,0.0
31095,Jefferson,0.414,0.586,0.0,0.0
31097,Johnson,0.453,0.547,0.0,0.0
31099,Kearney,0.486,0.514,0.0,0.0
31101,Keith,0.519,0.481,0.0,0.0
31103,Keya Paha,0.444,0.556,0.0,0.0
31105,Kimball,0.348,0.652,0.0,0.0
31107,Knox,0.61,0.39,0.0,0.0
31109,Lancaster,0.383,0.617,0.0,0.0
31111,Lincoln,0.475,0.525,0.0,0.0
31113,Logan,0.667,0.333,0.0,0.0
31115,Loup,0.455,0.545,0.0,0.0
31117,McPherson,0.75,0.25,0.0,0.0
31119,Madison,0.392,0.608,0.0,0.0
31121,Merrick,0.583,0.417,0.0,0.0
31123,Morrill,0.419,0.581,0.0,0.0
31125,Nance,0.56,0.44,0.0,0.0
31127,Nemaha,0.473,0.527,0.0,0.0
31129,Nuckolls,0.486,0.514,0.0,0.0
31131,Otoe,0.422,0.578,0.0,0.0
31133,Pawnee,0.725,0.275,0.0,0.0
31135,Perkins,0.762,0.238,0.0,0.0
31137,Phelps,0.44,0.56,0.0,0.0
31139,Pierce,0.333,0.667,0.0,0.0
31141,Platte,0.542,0.458,0.0,0.0
31143,Polk,0.534,0.466,0.0,0.0
31145,Red Willow,0.352,0.648,0.0,0.0
31147,Richardson,0.562,0.438,0.0,0.0
31149,Rock,0.3,0.7,0.0,0.0
31151,Saline,0.551,0.449,0.0,0.0
31153,Sarpy,0.404,0.596,0.0,0.0
31155,Saunders,0.365,0.635,0.0,0.0
31157,Scotts Bluff,0.374,0.626,0.0,0.0
31159,Seward,0.415,0.585,0.0,0.0
31161,Sheridan,0.385,0.615,0.0,0.0
31163,Sherman,0.344,0.656,0.0,0.0
31165,Sioux,0.571,0.429,0.0,0.0
31167,Stanton,0.352,0.648,0.0,0.0
31169,Thayer,0.69,0.31,0.0,0.0
31171,Thomas,1.0,0.0,0.0,0.0
31173,Thurston,0.471,0.529,0.0,0.0
31175,Valley,0.614,0.386,0.0,0.0
31177,Washington,0.493,0.507,0.0,0.0
31179,Wayne,0.527,0.473,0.0,0.0
31181,Webster,0.667,0.333,0.0,0.0
31183,Wheeler,0.5,0.5,0.0,0.0
31185,York,0.33,0.67,0.0,0.0
23001,ANDROSCOGGIN,0.353,0.647,0.0,0.0
23003,AROOSTOOK,0.451,0.549,0.0,0.0
23005,CUMBERLAND,0.367,0.632,0.0,0.001
23007,FRANKLIN,0.269,0.672,0.0,0.06
23009,HANCOCK,0.333,0.66,0.0,0.007
23011,KENNEBEC,0.404,0.596,0.0,0.0
23013,KNOX,0.319,0.681,0.0,0.0
23015,LINCOLN,0.33,0.67,0.0,0.0
23017,OXFORD,0.278,0.722,0.0,0.0
23019,PENOBSCOT,0.34,0.66,0.0,0.0
23021,PISCATAQUIS,0.35,0.65,0.0,0.0
23023,SAGADAHOC,0.367,0.633,0.0,0.0
23025,SOMERSET,0.38,0.62,0.0,0.0
23027,WALDO,0.267,0.733,0.0,0.0
23029,WASHINGTON,0.301,0.699,0.0,0.0
23031,YORK,0.346,0.652,0.0,0.002
26001,Alcona,0.487,0.479,0.0,0.034
26003,Alger,0.371,0.6,0.0,0.029
26005,Allegan,0.38,0.603,0.0,0.017
26007,Alpena,0.443,0.541,0.0,0.016
26009,Antrim,0.361,0.621,0.0,0.018
26011,Arenac,0.461,0.514,0.0,0.025
26013,Baraga,0.404,0.555,0.0,0.042
26015,Barry,0.354,0.628,0.0,0.018
26017,Bay,0.46,0.493,0.0,0.047
26019,Benzie,0.335,0.648,0.0,0.018
26021,Berrien,0.526,0.471,0.0,0.003
26023,Branch,0.434,0.536,0.0,0.03
26025,Calhoun,0.464,0.515,0.0,0.021
26027,Cass,0.484,0.491,0.0,0.025
26029,Charlevoix,0.367,0.609,0.0,0.024
26031,Cheboygan,0.426,0.556,0.0,0.018
26033,Chippewa,0.399,0.58,0.0,0.021
26035,Clare,0.458,0.52,0.0,0.022
26037,Clinton,0.421,0.558,0.0,0.021
26039,Crawford,0.423,0.541,0.0,0.036
26041,Delta,0.433,0.524,0.0,0.042
26043,Dickinson,0.435,0.515,0.0,0.05
26045,Eaton,0.441,0.556,0.0,0.003
26047,Emmet,0.339,0.641,0.0,0.02
26049,Genesee,0.517,0.465,0.0,0.018
26051,Gladwin,0.463,0.509,0.0,0.027
26053,Gogebic,0.449,0.523,0.0,0.028
26055,Grand Traverse,0.332,0.649,0.0,0.02
26057,Gratiot,0.394,0.603,0.0,0.003
26059,Hillsdale,0.402,0.567,0.0,0.031
26061,Houghton,0.348,0.64,0.0,0.013
26063,Huron,0.46,0.519,0.0,0.021
26065,Ingham,0.437,0.547,0.0,0.016
26067,Ionia,0.34,0.641,0.0,0.019
26069,Iosco,0.461,0.514,0.0,0.025
26071,Iron,0.483,0.5,0.0,0.016
26073,Isabella,0.332,0.657,0.0,0.011
26075,Jackson,0.427,0.55,0.0,0.023
26077,Kalamazoo,0.379,0.606,0.0,0.015
26079,Kalkaska,0.372,0.623,0.0,0.005
26081,Kent,0.373,0.625,0.0,0.002
26083,Keweenaw,0.398,0.584,0.0,0.019
26085,Lake,0.501,0.47,0.0,0.028
26087,Lapeer,0.403,0.565,0.0,0.031
26089,Leelanau,0.377,0.61,0.0,0.012
26091,Lenawee,0.437,0.539,0.0,0.024
26093,Livingston,0.381,0.594,0.0,0.025
26095,Luce,0.355,0.618,0.0,0.028
26097,Mackinac,0.439,0.555,0.0,0.006
26099,Macomb,0.488,0.474,0.0,0.038
26101,Manistee,0.396,0.582,0.0,0.021
26103,Marquette,0.356,0.617,0.0,0.027
26105,Mason,0.406,0.577,0.0,0.017
26107,Mecosta,0.389,0.586,0.0,0.025
26109,Menominee,0.487,0.47,0.0,0.043
26111,Midland,0.398,0.587,0.0,0.015
26113,Missaukee,0.39,0.577,0.0,0.033
26115,Monroe,0.472,0.481,0.0,0.046
26117,Montcalm,0.368,0.605,0.0,0.026
26119,Montmorency,0.487,0.476,0.0,0.037
26121,Muskegon,0.439,0.537,0.0,0.024
26123,Newaygo,0.366,0.607,0.0,0.028
26125,Oakland,0.514,0.468,0.0,0.018
26127,Oceana,0.382,0.598,0.0,0.02
26129,Ogemaw,0.462,0.497,0.0,0.041
26131,Ontonagon,0.444,0.491,0.0,0.065
26133,Osceola,0.404,0.574,0.0,0.022
26135,Oscoda,0.449,0.518,0.0,0.033
26137,Otsego,0.38,0.593,0.0,0.027
26139,Ottawa,0.344,0.642,0.0,0.013
26141,Presque Isle,0.477,0.488,0.0,0.035
26143,Roscommon,0.473,0.483,0.0,0.044
26145,Saginaw,0.552,0.43,0.0,0.018
26147,St. Clair,0.413,0.582,0.0,0.006
26149,St. Joseph,0.377,0.605,0.0,0.019
26151,Sanilac,0.42,0.538,0.0,0.042
26153,Schoolcraft,0.457,0.506,0.0,0.037
26155,Shiawassee,0.394,0.578,0.0,0.028
26157,Tuscola,0.426,0.544,0.0,0.029
26159,Van Buren,0.397,0.585,0.0,0.018
26161,Washtenaw,0.437,0.554,0.0,0.009
26163,Wayne,0.6,0.384,0.0,0.016
26165,Wexford,0.329,0.65,0.0,0.021
28001,Adams,0.867,0.126,0.0,0.007
28003,Alcorn,0.708,0.264,0.0,0.028
28005,Amite,0.89,0.093,0.0,0.017
28007,Attala,0.877,0.113,0.0,0.011
28009,Benton,0.852,0.142,0.0,0.006
28011,Bolivar,0.854,0.139,0.0,0.007
28013,Calhoun,0.849,0.136,0.0,0.015
28015,Carroll,0.9,0.089,0.0,0.011
28017,Chickasaw,0.831,0.156,0.0,0.012
28019,Choctaw,0.839,0.151,0.0,0.01
28021,Claiborne,0.903,0.09,0.0,0.007
28023,Clarke,0.863,0.125,0.0,0.012
28025,Clay,0.86,0.127,0.0,0.013
28027,Coahoma,0.823,0.158,0.0,0.019
28029,Copiah,0.882,0.107,0.0,0.011
28031,Covington,0.882,0.107,0.0,0.011
28033,DeSoto,0.733,0.263,0.0,0.004
28035,Forrest,0.731,0.261,0.0,0.008
28037,Franklin,0.841,0.144,0.0,0.016
28039,George,0.721,0.252,0.0,0.027
28041,Greene,0.84,0.137,0.0,0.022
28043,Grenada,0.86,0.129,0.0,0.011
28045,Hancock,0.62,0.368,0.0,0.012
28047,Harrison,0.743,0.25,0.0,0.007
28049,Hinds,0.841,0.153,0.0,0.005
28051,Holmes,0.929,0.065,0.0,0.006
28053,Humphreys,0.942,0.044,0.0,0.015
28055,Issaquena,0.884,0.101,0.0,0.015
28057,Itawamba,0.692,0.277,0.0,0.031
28059,Jackson,0.761,0.229,0.0,0.009
28061,Jasper,0.896,0.092,0.0,0.012
28063,Jefferson,0.89,0.101,0.0,0.009
28065,Jeff Davis,0.892,0.094,0.0,0.014
28067,Jones,0.835,0.159,0.0,0.006
28069,Kemper,0.892,0.094,0.0,0.014
28071,Lafayette,0.643,0.35,0.0,0.007
28073,Lamar,0.725,0.27,0.0,0.005
28075,Lauderdale,0.835,0.156,0.0,0.008
28077,Lawrence,0.85,0.137,0.0,0.014
28079,Leake,0.854,0.138,0.0,0.008
28081,Lee,0.769,0.225,0.0,0.006
28083,Leflore,0.904,0.095,0.0,0.002
28085,Lincoln,0.851,0.145,0.0,0.005
28087,Lowndes,0.824,0.173,0.0,0.003
28089,Madison,0.834,0.161,0.0,0.005
28091,Marion,0.875,0.115,0.0,0.01
28093,Marshall,0.887,0.102,0.0,0.011
28095,Monroe,0.849,0.138,0.0,0.013
28097,Montgomery,0.89,0.102,0.0,0.008
28099,Neshoba,0.781,0.209,0.0,0.01
28101,Newton,0.835,0.152,0.0,0.013
28103,Noxubee,0.905,0.087,0.0,0.008
28105,Oktibbeha,0.758,0.235,0.0,0.007
28107,Panola,0.858,0.134,0.0,0.008
28109,Pearl River,0.724,0.262,0.0,0.015
28111,Perry,0.827,0.159,0.0,0.014
28113,Pike,0.865,0.128,0.0,0.007
28115,Pontotoc,0.712,0.263,0.0,0.025
28117,Prentiss,0.71,0.262,0.0,0.028
28119,Quitman,0.853,0.123,0.0,0.024
28121,Rankin,0.771,0.223,0.0,0.006
28123,Scott,0.855,0.131,0.0,0.014
28125,Sharkey,0.914,0.081,0.0,0.006
28127,Simpson,0.853,0.135,0.0,0.012
28129,Smith,0.814,0.168,0.0,0.018
28131,Stone,0.775,0.205,0.0,0.02
28133,Sunflower,0.878,0.113,0.0,0.009
28135,Tallahatchie,0.874,0.108,0.0,0.018
28137,Tate,0.851,0.144,0.0,0.005
28139,Tippah,0.749,0.224,0.0,0.027
28141,Tishomingo,0.613,0.334,0.0,0.053
28143,Tunica,0.774,0.188,0.0,0.038
28145,Union,0.713,0.268,0.0,0.019
28147,Walthall,0.885,0.105,0.0,0.01
28149,Warren,0.844,0.149,0.0,0.006
28151,Washington,0.877,0.12,0.0,0.003
28153,Wayne,0.838,0.146,0.0,0.016
28155,Webster,0.819,0.163,0.0,0.019
28157,Wilkinson,0.934,0.051,0.0,0.015
28159,Winston,0.863,0.121,0.0,0.016
28161,Yalobusha,0.842,0.149,0.0,0.008
28163,Yazoo,0.908,0.084,0.0,0.008
12001,Alachua,0.492,0.488,0.0,0.02
12003,Baker,0.385,0.474,0.0,0.141
12005,Bay,0.526,0.417,0.0,0.057
12007,Bradford,0.487,0.418,0.0,0.095
12009,Brevard,0.597,0.377,0.0,0.026
12011,Broward,0.725,0.264,0.0,0.01
12013,Calhoun,0.362,0.452,0.0,0.186
12015,Charlotte,0.621,0.354,0.0,0.025
12017,Citrus,0.563,0.392,0.0,0.046
12019,Clay,0.571,0.395,0.0,0.034
12021,Collier,0.661,0.319,0.0,0.02
12023,Columbia,0.529,0.386,0.0,0.086
12027,DeSoto,0.526,0.387,0.0,0.088
12029,Dixie,0.402,0.451,0.0,0.147
12031,Duval,0.672,0.306,0.0,0.022
12033,Escambia,0.622,0.346,0.0,0.032
12035,Flagler,0.658,0.319,0.0,0.023
12037,Franklin,0.47,0.457,0.0,0.073
12039,Gadsden,0.764,0.2,0.0,0.036
12041,Gilchrist,0.375,0.507,0.0,0.118
12043,Glades,0.499,0.403,0.0,0.098
12045,Gulf,0.474,0.434,0.0,0.093
12047,Hamilton,0.547,0.346,0.0,0.107
12049,Hardee,0.527,0.391,0.0,0.082
12051,Hendry,0.606,0.339,0.0,0.055
12053,Hernando,0.596,0.37,0.0,0.034
12055,Highlands,0.614,0.34,0.0,0.046
12057,Hillsborough,0.628,0.351,0.0,0.022
12059,Holmes,0.283,0.517,0.0,0.2
12061,Indian River,0.624,0.355,0.0,0.021
12063,Jackson,0.539,0.355,0.0,0.106
12065,Jefferson,0.646,0.295,0.0,0.059
12067,Lafayette,0.3,0.509,0.0,0.191
12069,Lake,0.635,0.338,0.0,0.028
12071,Lee,0.627,0.35,0.0,0.023
12073,Leon,0.565,0.411,0.0,0.024
12075,Levy,0.5,0.431,0.0,0.068
12077,Liberty,0.38,0.471,0.0,0.149
12079,Madison,0.624,0.3,0.0,0.076
12081,Manatee,0.625,0.351,0.0,0.024
12083,Marion,0.627,0.341,0.0,0.032
12085,Martin,0.598,0.376,0.0,0.025
12086,Miami-Dade,0.747,0.243,0.0,0.01
12087,Monroe,0.553,0.428,0.0,0.02
12089,Nassau,0.562,0.398,0.0,0.04
12091,Okaloosa,0.52,0.431,0.0,0.049
12093,Okeechobee,0.552,0.376,0.0,0.072
12095,Orange,0.638,0.351,0.0,0.011
12097,Osceola,0.682,0.3,0.0,0.018
12099,Palm Beach,0.715,0.272,0.0,0.013
12101,Pasco,0.583,0.389,0.0,0.028
12103,Pinellas,0.603,0.376,0.0,0.02
12105,Polk,0.63,0.333,0.0,0.037
12107,Putnam,0.494,0.427,0.0,0.079
12109,St. Johns,0.57,0.407,0.0,0.024
12111,St. Lucie,0.669,0.308,0.0,0.023
12113,Santa Rosa,0.492,0.45,0.0,0.057
12115,Sarasota,0.611,0.373,0.0,0.016
12117,Seminole,0.583,0.399,0.0,0.018
12119,Sumter,0.681,0.293,0.0,0.026
12121,Suwannee,0.422,0.443,0.0,0.135
12123,Taylor,0.459,0.424,0.0,0.117
12125,Union,0.367,0.516,0.0,0.117
12127,Volusia,0.602,0.371,0.0,0.027
12129,Wakulla,0.489,0.42,0.0,0.091
12131,Walton,0.5,0.449,0.0,0.052
12133,Washington,0.471,0.429,0.0,0.1
17001,Adams,0.507,0.472,0.0,0.021
17003,Alexander,0.6,0.338,0.0,0.062
17005,Bond,0.447,0.534,0.0,0.019
17007,Boone,0.411,0.583,0.0,0.006
17009,Brown,0.492,0.48,0.0,0.028
17011,Bureau,0.445,0.542,0.0,0.013
17013,Calhoun,0.45,0.507,0.0,0.043
17015,Carroll,0.488,0.5,0.0,0.012
17017,Cass,0.469,0.502,0.0,0.029
17019,Champaign,0.338,0.659,0.0,0.003
17021,Christian,0.468,0.512,0.0,0.02
17023,Clark,0.447,0.53,0.0,0.024
17025,Clay,0.449,0.521,0.0,0.03
17027,Clinton,0.412,0.575,0.0,0.013
17029,Coles,0.399,0.59,0.0,0.011
17031,Cook,0.536,0.456,0.0,0.008
17033,Crawford,0.501,0.479,0.0,0.02
17035,Cumberland,0.396,0.563,0.0,0.041
17037,DeKalb,0.331,0.665,0.0,0.004
17039,DeWitt,0.454,0.533,0.0,0.014
17041,Douglas,0.422,0.562,0.0,0.016
17043,DuPage,0.474,0.523,0.0,0.003
17045,Edgar,0.474,0.497,0.0,0.029
17047,Edwards,0.481,0.498,0.0,0.02
17049,Effingham,0.403,0.58,0.0,0.016
17051,Fayette,0.48,0.499,0.0,0.021
17053,Ford,0.391,0.594,0.0,0.015
17055,Franklin,0.421,0.539,0.0,0.041
17057,Fulton,0.451,0.533,0.0,0.016
17059,Gallatin,0.403,0.504,0.0,0.093
17061,Greene,0.469,0.494,0.0,0.036
17063,Grundy,0.395,0.596,0.0,0.009
17065,Hamilton,0.428,0.497,0.0,0.075
17067,Hancock,0.574,0.407,0.0,0.019
17069,Hardin,0.404,0.554,0.0,0.042
17071,Henderson,0.52,0.455,0.0,0.025
17073,Henry,0.507,0.484,0.0,0.009
17075,Iroquois,0.375,0.606,0.0,0.019
17077,Jackson,0.376,0.619,0.0,0.006
17079,Jasper,0.405,0.536,0.0,0.058
17081,Jefferson,0.472,0.499,0.0,0.029
17083,Jersey,0.435,0.545,0.0,0.019
17085,JoDaviess,0.514,0.479,0.0,0.008
17087,Johnson,0.451,0.525,0.0,0.024
17089,Kane,0.435,0.562,0.0,0.004
17091,Kankakee,0.457,0.536,0.0,0.007
17093,Kendall,0.412,0.584,0.0,0.004
17095,Knox,0.467,0.521,0.0,0.012
17097,Lake,0.527,0.47,0.0,0.004
17099,LaSalle,0.435,0.556,0.0,0.01
17101,Lawrence,0.47,0.483,0.0,0.047
17103,Lee,0.394,0.598,0.0,0.008
17105,Livingston,0.433,0.555,0.0,0.013
17107,Logan,0.428,0.564,0.0,0.008
17109,McDonough,0.414,0.578,0.0,0.007
17111,McHenry,0.389,0.607,0.0,0.004
17113,McLean,0.371,0.624,0.0,0.004
17115,Macon,0.538,0.452,0.0,0.01
17117,Macoupin,0.429,0.55,0.0,0.021
17119,Madison,0.446,0.545,0.0,0.009
17121,Marion,0.477,0.498,0.0,0.025
17123,Marshall,0.49,0.505,0.0,0.005
17125,Mason,0.492,0.489,0.0,0.02
17127,Massac,0.513,0.469,0.0,0.018
17129,Menard,0.444,0.547,0.0,0.009
17131,Mercer,0.513,0.466,0.0,0.021
17133,Monroe,0.442,0.546,0.0,0.011
17135,Montgomery,0.483,0.493,0.0,0.024
17137,Morgan,0.412,0.575,0.0,0.013
17139,Moultrie,0.44,0.54,0.0,0.02
17141,Ogle,0.402,0.592,0.0,0.006
17143,Peoria,0.52,0.474,0.0,0.006
17145,Perry,0.468,0.51,0.0,0.022
17147,Piatt,0.43,0.555,0.0,0.015
17149,Pike,0.508,0.463,0.0,0.029
17151,Pope,0.372,0.601,0.0,0.027
17153,Pulaski,0.624,0.346,0.0,0.031
17155,Putnam,0.464,0.52,0.0,0.015
17157,Randolph,0.445,0.528,0.0,0.027
17159,Richland,0.442,0.536,0.0,0.023
17161,Rock Island,0.516,0.471,0.0,0.013
17163,St. Clair,0.569,0.422,0.0,0.009
17165,Saline,0.459,0.507,0.0,0.034
17167,Sangamon,0.469,0.526,0.0,0.005
17169,Schuyler,0.544,0.433,0.0,0.022
17171,Scott,0.466,0.5,0.0,0.034
17173,Shelby,0.441,0.53,0.0,0.029
17175,Stark,0.471,0.514,0.0,0.014
17177,Stephenson,0.502,0.488,0.0,0.011
17179,Tazewell,0.447,0.545,0.0,0.008
17181,Union,0.433,0.542,0.0,0.024
17183,Vermilion,0.512,0.472,0.0,0.016
17185,Wabash,0.499,0.48,0.0,0.021
17187,Warren,0.49,0.5,0.0,0.009
17189,Washington,0.397,0.577,0.0,0.026
17191,Wayne,0.417,0.541,0.0,0.042
17193,White,0.49,0.46,0.0,0.049
17195,Whiteside,0.48,0.514,0.0,0.006
17197,Will,0.471,0.524,0.0,0.005
17199,Williamson,0.422,0.553,0.0,0.025
17201,Winnebago,0.472,0.523,0.0,0.005
17203,Woodford,0.438,0.555,0.0,0.007
29001,Adair,0.407,0.588,0.0,0.005
29003,Andrew,0.399,0.584,0.0,0.017
29005,Atchison,0.445,0.546,0.0,0.009
29007,Audrain,0.496,0.482,0.0,0.021
29009,Barry,0.516,0.47,0.0,0.014
29011,Barton,0.481,0.502,0.0,0.016
29013,Bates,0.435,0.531,0.0,0.034
29015,Benton,0.533,0.452,0.0,0.014
29017,Bollinger,0.538,0.451,0.0,0.011
29019,Boone,0.387,0.606,0.0,0.007
29021,Buchanan,0.445,0.537,0.0,0.018
29023,Butler,0.527,0.454,0.0,0.018
29025,Caldwell,0.432,0.556,0.0,0.012
29027,Callaway,0.445,0.542,0.0,0.013
29029,Camden,0.489,0.499,0.0,0.012
29031,Cape Girardeau,0.466,0.524,0.0,0.01
29033,Carroll,0.463,0.507,0.0,0.03
29035,Carter,0.486,0.5,0.0,0.014
29037,Cass,0.468,0.521,0.0,0.011
29039,Cedar,0.47,0.511,0.0,0.018
29041,Chariton,0.521,0.445,0.0,0.034
29043,Christian,0.408,0.584,0.0,0.008
29045,Clark,0.514,0.453,0.0,0.033
29047,Clay,0.455,0.537,0.0,0.008
29049,Clinton,0.462,0.514,0.0,0.024
29051,Cole,0.453,0.535,0.0,0.012
29053,Cooper,0.501,0.486,0.0,0.013
29055,Crawford,0.412,0.562,0.0,0.026
29057,Dade,0.481,0.51,0.0,0.01
29059,Dallas,0.429,0.557,0.0,0.014
29061,Daviess,0.51,0.471,0.0,0.019
29063,DeKalb,0.39,0.578,0.0,0.032
29065,Dent,0.405,0.556,0.0,0.038
29067,Douglas,0.405,0.581,0.0,0.014
29069,Dunklin,0.609,0.377,0.0,0.013
29071,Franklin,0.429,0.554,0.0,0.017
29073,Gasconade,0.438,0.553,0.0,0.009
29075,Gentry,0.48,0.494,0.0,0.025
29077,Greene,0.383,0.611,0.0,0.006
29079,Grundy,0.446,0.534,0.0,0.02
29081,Harrison,0.485,0.5,0.0,0.015
29083,Henry,0.517,0.461,0.0,0.022
29085,Hickory,0.537,0.441,0.0,0.022
29087,Holt,0.522,0.449,0.0,0.029
29089,Howard,0.488,0.482,0.0,0.03
29091,Howell,0.402,0.584,0.0,0.014
29093,Iron,0.438,0.535,0.0,0.028
29095,Jackson,0.529,0.464,0.0,0.007
29097,Jasper,0.371,0.62,0.0,0.009
29099,Jefferson,0.442,0.543,0.0,0.015
29101,Johnson,0.425,0.562,0.0,0.013
29103,Knox,0.568,0.398,0.0,0.034
29105,LaClede,0.436,0.548,0.0,0.017
29107,Lafayette,0.462,0.522,0.0,0.016
29109,Lawrence,0.453,0.535,0.0,0.012
29111,Lewis,0.483,0.483,0.0,0.034
29113,Lincoln,0.431,0.546,0.0,0.023
29115,Linn,0.505,0.473,0.0,0.022
29117,Livingston,0.485,0.486,0.0,0.029
29119,McDonald,0.476,0.503,0.0,0.021
29121,Macon,0.437,0.524,0.0,0.038
29123,Madison,0.494,0.476,0.0,0.03
29125,Maries,0.502,0.479,0.0,0.02
29127,Marion,0.547,0.418,0.0,0.034
29129,Mercer,0.519,0.474,0.0,0.008
29131,Miller,0.465,0.517,0.0,0.018
29133,Mississippi,0.672,0.289,0.0,0.039
29135,Moniteau,0.446,0.537,0.0,0.017
29137,Monroe,0.509,0.457,0.0,0.034
29139,Montgomery,0.494,0.485,0.0,0.021
29141,Morgan,0.515,0.471,0.0,0.014
29143,New Madrid,0.642,0.335,0.0,0.023
29145,Newton,0.439,0.55,0.0,0.011
29147,Nodaway,0.416,0.561,0.0,0.023
29149,Oregon,0.53,0.45,0.0,0.02
29151,Osage,0.477,0.495,0.0,0.027
29153,Ozark,0.421,0.568,0.0,0.012
29155,Pemiscot,0.694,0.288,0.0,0.017
29157,Perry,0.493,0.494,0.0,0.014
29159,Pettis,0.448,0.535,0.0,0.017
29161,Phelps,0.384,0.589,0.0,0.028
29163,Pike,0.57,0.41,0.0,0.02
29165,Platte,0.471,0.521,0.0,0.009
29167,Polk,0.461,0.527,0.0,0.012
29169,Pulaski,0.446,0.528,0.0,0.026
29171,Putnam,0.468,0.495,0.0,0.037
29173,Ralls,0.545,0.409,0.0,0.046
29175,Randolph,0.449,0.52,0.0,0.031
29177,Ray,0.482,0.495,0.0,0.024
29179,Reynolds,0.471,0.467,0.0,0.061
29181,Ripley,0.491,0.473,0.0,0.036
29183,St. Charles,0.448,0.543,0.0,0.009
29185,St. Clair,0.499,0.47,0.0,0.031
29186,Ste. Genevieve,0.503,0.476,0.0,0.021
29187,St. Francois,0.453,0.53,0.0,0.017
29189,St. Louis County,0.553,0.44,0.0,0.007
29195,Saline,0.514,0.455,0.0,0.032
29197,Schuyler,0.492,0.472,0.0,0.036
29199,Scotland,0.441,0.547,0.0,0.012
29201,Scott,0.55,0.43,0.0,0.021
29203,Shannon,0.506,0.465,0.0,0.029
29205,Shelby,0.511,0.426,0.0,0.064
29207,Stoddard,0.566,0.411,0.0,0.023
29209,Stone,0.469,0.515,0.0,0.016
29211,Sullivan,0.598,0.378,0.0,0.024
29213,Taney,0.462,0.529,0.0,0.009
29215,Texas,0.463,0.512,0.0,0.025
29217,Vernon,0.478,0.505,0.0,0.018
29219,Warren,0.44,0.545,0.0,0.015
29221,Washington,0.514,0.453,0.0,0.033
29223,Wayne,0.578,0.388,0.0,0.034
29225,Webster,0.44,0.548,0.0,0.012
29227,Worth,0.415,0.535,0.0,0.049
29229,Wright,0.505,0.484,0.0,0.011
29510,St. Louis City,0.55,0.443,0.0,0.007
37001,Alamance,0.537,0.419,0.0,0.044
37003,Alexander,0.458,0.448,0.0,0.094
37005,Alleghany,0.442,0.448,0.0,0.11
37007,Anson,0.661,0.262,0.0,0.078
37009,Ashe,0.464,0.459,0.0,0.077
37011,Avery,0.414,0.539,0.0,0.047
37013,Beaufort,0.556,0.349,0.0,0.095
37015,Bertie,0.695,0.254,0.0,0.051
37017,Bladen,0.596,0.264,0.0,0.141
37019,Brunswick,0.601,0.355,0.0,0.043
37021,Buncombe,0.354,0.621,0.0,0.025
37023,Burke,0.461,0.454,0.0,0.085
37025,Cabarrus,0.517,0.443,0.0,0.04
37027,Caldwell,0.47,0.459,0.0,0.071
37029,Camden,0.542,0.345,0.0,0.113
37031,Carteret,0.485,0.444,0.0,0.071
37033,Caswell,0.598,0.311,0.0,0.09
37035,Catawba,0.512,0.44,0.0,0.047
37037,Chatham,0.55,0.409,0.0,0.041
37039,Cherokee,0.439,0.437,0.0,0.124
37041,Chowan,0.618,0.298,0.0,0.084
37043,Clay,0.528,0.385,0.0,0.088
37045,Cleveland,0.559,0.356,0.0,0.085
37047,Columbus,0.563,0.311,0.0,0.126
37049,Craven,0.581,0.357,0.0,0.062
37051,Cumberland,0.639,0.31,0.0,0.051
37053,Currituck,0.478,0.435,0.0,0.088
37055,Dare,0.425,0.489,0.0,0.086
37057,Davidson,0.503,0.435,0.0,0.062
37059,Davie,0.54,0.404,0.0,0.056
37061,Duplin,0.612,0.292,0.0,0.096
37063,Durham,0.575,0.41,0.0,0.014
37065,Edgecombe,0.708,0.227,0.0,0.065
37067,Forsyth,0.58,0.398,0.0,0.022
37069,Franklin,0.594,0.343,0.0,0.063
37071,Gaston,0.541,0.403,0.0,0.056
37073,Gates,0.617,0.293,0.0,0.09
37075,Graham,0.443,0.407,0.0,0.15
37077,Granville,0.588,0.34,0.0,0.072
37079,Greene,0.587,0.294,0.0,0.119
37081,Guilford,0.56,0.417,0.0,0.023
37083,Halifax,0.667,0.248,0.0,0.085
37085,Harnett,0.551,0.368,0.0,0.081
37087,Haywood,0.445,0.46,0.0,0.095
37089,Henderson,0.47,0.501,0.0,0.029
37091,Hertford,0.675,0.222,0.0,0.103
37093,Hoke,0.597,0.311,0.0,0.092
37095,Hyde,0.48,0.405,0.0,0.115
37097,Iredell,0.509,0.432,0.0,0.058
37099,Jackson,0.381,0.57,0.0,0.049
37101,Johnston,0.521,0.405,0.0,0.074
37103,Jones,0.58,0.32,0.0,0.1
37105,Lee,0.546,0.381,0.0,0.073
37107,Lenoir,0.641,0.264,0.0,0.095
37109,Lincoln,0.513,0.418,0.0,0.069
37111,McDowell,0.409,0.49,0.0,0.101
37113,Macon,0.479,0.442,0.0,0.08
37115,Madison,0.345,0.587,0.0,0.068
37117,Martin,0.618,0.274,0.0,0.108
37119,Mecklenburg,0.603,0.383,0.0,0.014
37121,Mitchell,0.404,0.579,0.0,0.017
37123,Montgomery,0.549,0.355,0.0,0.096
37125,Moore,0.588,0.37,0.0,0.042
37127,Nash,0.658,0.282,0.0,0.06
37129,New Hanover,0.484,0.486,0.0,0.03
37131,Northampton,0.684,0.229,0.0,0.087
37133,Onslow,0.542,0.382,0.0,0.077
37135,Orange,0.484,0.499,0.0,0.017
37137,Pamlico,0.53,0.389,0.0,0.081
37139,Pasquotank,0.652,0.298,0.0,0.05
37141,Pender,0.564,0.368,0.0,0.067
37143,Perquimans,0.514,0.348,0.0,0.137
37145,Person,0.51,0.371,0.0,0.118
37147,Pitt,0.57,0.363,0.0,0.067
37149,Polk,0.477,0.487,0.0,0.036
37151,Randolph,0.466,0.458,0.0,0.076
37153,Richmond,0.571,0.31,0.0,0.119
37155,Robeson,0.51,0.314,0.0,0.176
37157,Rockingham,0.544,0.365,0.0,0.091
37159,Rowan,0.527,0.416,0.0,0.057
37161,Rutherford,0.46,0.445,0.0,0.095
37163,Sampson,0.657,0.269,0.0,0.074
37165,Scotland,0.63,0.269,0.0,0.101
37167,Stanly,0.491,0.414,0.0,0.095
37169,Stokes,0.478,0.44,0.0,0.082
37171,Surry,0.475,0.44,0.0,0.086
37173,Swain,0.41,0.512,0.0,0.078
37175,Transylvania,0.458,0.499,0.0,0.044
37177,Tyrrell,0.493,0.365,0.0,0.143
37179,Union,0.558,0.406,0.0,0.037
37181,Vance,0.64,0.28,0.0,0.08
37183,Wake,0.534,0.448,0.0,0.018
37185,Warren,0.7,0.245,0.0,0.055
37187,Washington,0.621,0.27,0.0,0.109
37189,Watauga,0.296,0.685,0.0,0.019
37191,Wayne,0.625,0.295,0.0,0.079
37193,Wilkes,0.504,0.426,0.0,0.07
37195,Wilson,0.642,0.294,0.0,0.064
37197,Yadkin,0.48,0.452,0.0,0.068
37199,Yancey,0.405,0.495,0.0,0.1
39001,Adams,0.568,0.413,0.0,0.018
39003,Allen,0.566,0.421,0.0,0.013
39005,Ashland,0.491,0.495,0.0,0.014
39007,Ashtabula,0.549,0.439,0.0,0.011
39009,Athens,0.382,0.612,0.0,0.006
39011,Auglaize,0.51,0.471,0.0,0.019
39013,Belmont,0.531,0.435,0.0,0.034
39015,Brown,0.583,0.398,0.0,0.018
39017,Butler,0.534,0.46,0.0,0.006
39019,Carroll,0.514,0.462,0.0,0.024
39021,Champaign,0.519,0.466,0.0,0.015
39023,Clark,0.587,0.405,0.0,0.008
39025,Clermont,0.494,0.5,0.0,0.006
39027,Clinton,0.485,0.503,0.0,0.012
39029,Columbiana,0.526,0.458,0.0,0.016
39031,Coshocton,0.536,0.445,0.0,0.019
39033,Crawford,0.514,0.436,0.0,0.05
39035,Cuyahoga,0.632,0.363,0.0,0.005
39037,Darke,0.542,0.434,0.0,0.024
39039,Defiance,0.506,0.482,0.0,0.012
39041,Delaware,0.579,0.418,0.0,0.004
39043,Erie,0.553,0.436,0.0,0.011
39045,Fairfield,0.553,0.438,0.0,0.009
39047,Fayette,0.583,0.409,0.0,0.008
39049,Franklin,0.553,0.444,0.0,0.003
39051,Fulton,0.487,0.503,0.0,0.01
39053,Gallia,0.477,0.488,0.0,0.035
39055,Geauga,0.54,0.455,0.0,0.005
39057,Greene,0.494,0.5,0.0,0.006
39059,Guernsey,0.53,0.452,0.0,0.019
39061,Hamilton,0.595,0.402,0.0,0.003
39063,Hancock,0.449,0.542,0.0,0.009
39065,Hardin,0.526,0.457,0.0,0.017
39067,Harrison,0.532,0.438,0.0,0.031
39069,Henry,0.5,0.487,0.0,0.012
39071,Highland,0.552,0.431,0.0,0.017
39073,Hocking,0.523,0.46,0.0,0.017
39075,Holmes,0.488,0.485,0.0,0.027
39077,Huron,0.509,0.477,0.0,0.014
39079,Jackson,0.583,0.401,0.0,0.016
39081,Jefferson,0.547,0.423,0.0,0.03
39083,Knox,0.485,0.506,0.0,0.009
39085,Lake,0.543,0.449,0.0,0.008
39087,Lawrence,0.554,0.416,0.0,0.029
39089,Licking,0.533,0.459,0.0,0.008
39091,Logan,0.496,0.489,0.0,0.016
39093,Lorain,0.561,0.429,0.0,0.01
39095,Lucas,0.569,0.427,0.0,0.004
39097,Madison,0.568,0.428,0.0,0.003
39099,Mahoning,0.593,0.397,0.0,0.009
39101,Marion,0.569,0.42,0.0,0.012
39103,Medina,0.531,0.463,0.0,0.006
39105,Meigs,0.499,0.472,0.0,0.029
39107,Mercer,0.535,0.444,0.0,0.021
39109,Miami,0.532,0.456,0.0,0.011
39111,Monroe,0.481,0.459,0.0,0.06
39113,Montgomery,0.594,0.401,0.0,0.005
39115,Morgan,0.562,0.427,0.0,0.012
39117,Morrow,0.521,0.463,0.0,0.016
39119,Muskingum,0.566,0.424,0.0,0.01
39121,Noble,0.539,0.417,0.0,0.044
39123,Ottawa,0.554,0.434,0.0,0.011
39125,Paulding,0.558,0.417,0.0,0.025
39127,Perry,0.567,0.414,0.0,0.018
39129,Pickaway,0.556,0.432,0.0,0.012
39131,Pike,0.568,0.403,0.0,0.029
39133,Portage,0.49,0.502,0.0,0.009
39135,Preble,0.522,0.464,0.0,0.013
39137,Putnam,0.453,0.523,0.0,0.024
39139,Richland,0.555,0.433,0.0,0.012
39141,Ross,0.572,0.414,0.0,0.013
39143,Sandusky,0.534,0.457,0.0,0.009
39145,Scioto,0.537,0.446,0.0,0.017
39147,Seneca,0.496,0.492,0.0,0.011
39149,Shelby,0.523,0.452,0.0,0.024
39151,Stark,0.565,0.426,0.0,0.009
39153,Summit,0.566,0.429,0.0,0.005
39155,Trumbull,0.539,0.444,0.0,0.017
39157,Tuscarawas,0.516,0.463,0.0,0.021
39159,Union,0.508,0.483,0.0,0.009
39161,Van Wert,0.519,0.454,0.0,0.026
39163,Vinton,0.495,0.477,0.0,0.028
39165,Warren,0.533,0.463,0.0,0.004
39167,Washington,0.505,0.476,0.0,0.019
39169,Wayne,0.513,0.48,0.0,0.008
39171,Williams,0.458,0.526,0.0,0.016
39173,Wood,0.458,0.537,0.0,0.006
39175,Wyandot,0.497,0.486,0.0,0.017
04001,Apache,0.664,0.288,0.0,0.048
04003,Cochise,0.565,0.397,0.0,0.038
04005,Coconino,0.441,0.534,0.0,0.025
04007,Gila,0.592,0.352,0.0,0.056
04009,Graham,0.491,0.446,0.0,0.064
04011,Greenlee,0.546,0.357,0.0,0.098
04012,La Paz,0.517,0.433,0.0,0.05
04013,Maricopa,0.581,0.398,0.0,0.021
04015,Mohave,0.564,0.385,0.0,0.052
04017,Navajo,0.597,0.354,0.0,0.049
04019,Pima,0.573,0.409,0.0,0.018
04021,Pinal,0.621,0.344,0.0,0.034
04023,Santa Cruz,0.658,0.318,0.0,0.024
04025,Yavapai,0.529,0.447,0.0,0.024
04027,Yuma,0.637,0.315,0.0,0.048
16001,Ada,0.182,0.805,0.0,0.013
16003,Adams,0.275,0.696,0.0,0.029
16005,Bannock,0.2,0.797,0.0,0.003
16007,Bear Lake,0.324,0.676,0.0,0.0
16009,Benewah,0.282,0.69,0.0,0.028
16011,Bingham,0.232,0.764,0.0,0.004
16013,Blaine,0.316,0.683,0.0,0.001
16015,Boise,0.321,0.679,0.0,0.0
16017,Bonner,0.205,0.793,0.0,0.002
16019,Bonneville,0.209,0.791,0.0,0.0
16021,Boundary,0.144,0.84,0.0,0.016
16023,Butte,0.192,0.769,0.0,0.038
16025,Camas,0.368,0.579,0.0,0.053
16027,Canyon,0.173,0.818,0.0,0.008
16029,Caribou,0.3,0.7,0.0,0.0
16031,Cassia,0.387,0.613,0.0,0.0
16033,Clark,0.0,1.0,0.0,0.0
16035,Clearwater,0.418,0.582,0.0,0.0
16037,Custer,0.279,0.721,0.0,0.0
16039,Elmore,0.328,0.664,0.0,0.009
16041,Franklin,0.403,0.581,0.0,0.016
16043,Fremont,0.172,0.828,0.0,0.0
16045,Gem,0.269,0.704,0.0,0.027
16047,Gooding,0.364,0.636,0.0,0.0
16049,Idaho County,0.348,0.652,0.0,0.0
16051,Jefferson,0.192,0.808,0.0,0.0
16053,Jerome,0.23,0.77,0.0,0.0
16055,Kootenai,0.24,0.759,0.0,0.001
16057,Latah,0.161,0.839,0.0,0.0
16059,Lemhi,0.181,0.755,0.0,0.064
16061,Lewis,0.5,0.475,0.0,0.025
16063,Lincoln,0.385,0.564,0.0,0.051
16065,Madison,0.178,0.818,0.0,0.004
16067,Minidoka,0.333,0.654,0.0,0.013
16069,Nez Perce,0.286,0.707,0.0,0.007
16071,Oneida,0.455,0.545,0.0,0.0
16073,Owyhee,0.355,0.645,0.0,0.0
16075,Payette,0.336,0.664,0.0,0.0
16077,Power,0.297,0.703,0.0,0.0
16079,Shoshone,0.346,0.654,0.0,0.0
16081,Teton,0.21,0.777,0.0,0.013
16083,Twin Falls,0.278,0.722,0.0,0.0
16085,Valley,0.269,0.731,0.0,0.0
16087,Washington,0.321,0.651,0.0,0.028
49003,Box Elder,0.242,0.755,0.0,0.003
49005,Cache,0.177,0.815,0.0,0.008
49007,Carbon,0.335,0.615,0.0,0.05
49009,Daggett,0.067,0.867,0.0,0.067
49011,Davis,0.173,0.824,0.0,0.003
49013,Duchesne,0.294,0.69,0.0,0.016
49015,Emery,0.257,0.653,0.0,0.089
49017,Garfield,0.232,0.737,0.0,0.03
49019,Grand,0.202,0.796,0.0,0.003
49021,Iron,0.181,0.815,0.0,0.004
49023,Juab,0.225,0.775,0.0,0.0
49025,Kane,0.21,0.782,0.0,0.008
49027,Millard,0.36,0.44,0.0,0.2
49029,Morgan,0.26,0.693,0.0,0.047
49035,Salt Lake,0.209,0.788,0.0,0.004
49037,San Juan,0.352,0.648,0.0,0.0
49039,Sanpete,0.141,0.849,0.0,0.01
49041,Sevier,0.286,0.714,0.0,0.0
49043,Summit,0.312,0.683,0.0,0.005
49045,Tooele,0.195,0.8,0.0,0.006
49047,Uintah,0.22,0.763,0.0,0.017
49049,Utah,0.142,0.853,0.0,0.005
49051,Wasatch,0.233,0.764,0.0,0.003
49053,Washington,0.304,0.695,0.0,0.001
49055,Wayne,0.297,0.693,0.0,0.01
49057,Weber,0.169,0.828,0.0,0.003
15001,Hawaii,0.226,0.773,0.0,0.001
15003,Honolulu,0.368,0.63,0.0,0.002
15007,Kauai,0.228,0.771,0.0,0.001
15009,Maui,0.212,0.785,0.0,0.002
53001,Adams,0.261,0.739,0.0,0.0
53003,Asotin,0.328,0.672,0.0,0.0
53005,Benton,0.217,0.783,0.0,0.0
53007,Chelan,0.283,0.717,0.0,0.0
53009,Clallam,0.31,0.686,0.0,0.004
53011,Clark,0.215,0.783,0.0,0.001
53013,Columbia,0.231,0.769,0.0,0.0
53015,Cowlitz,0.23,0.77,0.0,0.0
53017,Douglas,0.267,0.733,0.0,0.0
53019,Ferry,0.217,0.783,0.0,0.0
53021,Franklin,0.201,0.799,0.0,0.0
53023,Garfield,0.4,0.6,0.0,0.0
53025,Grant,0.204,0.789,0.0,0.007
53027,Grays Harbor,0.267,0.724,0.0,0.008
53029,Island,0.306,0.691,0.0,0.003
53031,Jefferson,0.293,0.707,0.0,0.0
53033,King,0.326,0.673,0.0,0.001
53035,Kitsap,0.274,0.725,0.0,0.001
53037,Kittitas,0.226,0.774,0.0,0.0
53039,Klickitat,0.167,0.833,0.0,0.0
53041,Lewis,0.176,0.814,0.0,0.01
53043,Lincoln,0.258,0.71,0.0,0.032
53045,Mason,0.255,0.736,0.0,0.009
53047,Okanogan,0.13,0.87,0.0,0.0
53049,Pacific,0.189,0.811,0.0,0.0
53051,Pend Oreille,0.222,0.778,0.0,0.0
53053,Pierce,0.265,0.733,0.0,0.002
53055,San Juan,0.24,0.76,0.0,0.0
53057,Skagit,0.265,0.735,0.0,0.0
53059,Skamania,0.098,0.902,0.0,0.0
53061,Snohomish,0.238,0.761,0.0,0.001
53063,Spokane,0.217,0.781,0.0,0.002
53065,Stevens,0.184,0.808,0.0,0.008
53067,Thurston,0.22,0.778,0.0,0.003
53069,Wahkiakum,0.105,0.895,0.0,0.0
53071,Walla Walla,0.292,0.708,0.0,0.0
53073,Whatcom,0.192,0.805,0.0,0.002
53075,Whitman,0.204,0.796,0.0,0.0
53077,Yakima,0.237,0.757,0.0,0.006
55001,Adams,0.474,0.518,0.0,0.007
55003,Ashland,0.368,0.63,0.0,0.002
55005,Barron,0.462,0.532,0.0,0.007
55007,Bayfield,0.362,0.635,0.0,0.003
55009,Brown,0.424,0.573,0.0,0.003
55011,Buffalo,0.415,0.578,0.0,0.007
55013,Burnett,0.494,0.503,0.0,0.003
55015,Calumet,0.429,0.568,0.0,0.003
55017,Chippewa,0.438,0.557,0.0,0.005
55019,Clark,0.428,0.564,0.0,0.008
55021,Columbia,0.392,0.605,0.0,0.003
55023,Crawford,0.414,0.578,0.0,0.008
55025,Dane,0.373,0.626,0.0,0.002
55027,Dodge,0.418,0.579,0.0,0.003
55029,Door,0.461,0.536,0.0,0.003
55031,Douglas,0.439,0.554,0.0,0.008
55033,Dunn,0.36,0.635,0.0,0.004
55035,Eau Claire,0.358,0.639,0.0,0.002
55037,Florence,0.369,0.618,0.0,0.013
55039,Fond du Lac,0.427,0.571,0.0,0.003
55041,Forest,0.481,0.511,0.0,0.008
55043,Grant,0.402,0.593,0.0,0.005
55045,Green,0.387,0.609,0.0,0.004
55047,Green Lake,0.429,0.566,0.0,0.005
55049,Iowa,0.402,0.594,0.0,0.004
55051,Iron,0.439,0.546,0.0,0.015
55053,Jackson,0.41,0.584,0.0,0.006
55055,Jefferson,0.387,0.611,0.0,0.003
55057,Juneau,0.422,0.573,0.0,0.004
55059,Kenosha,0.425,0.572,0.0,0.003
55061,Kewaunee,0.471,0.524,0.0,0.005
55063,La Crosse,0.369,0.628,0.0,0.002
55065,Lafayette,0.464,0.529,0.0,0.007
55067,Langlade,0.45,0.542,0.0,0.008
55069,Lincoln,0.414,0.583,0.0,0.003
55071,Manitowoc,0.434,0.561,0.0,0.005
55073,Marathon,0.407,0.589,0.0,0.004
55075,Marinette,0.486,0.508,0.0,0.006
55077,Marquette,0.427,0.567,0.0,0.005
55078,Menominee,0.364,0.633,0.0,0.004
55079,Milwaukee,0.517,0.48,0.0,0.002
55081,Monroe,0.389,0.606,0.0,0.005
55083,Oconto,0.481,0.513,0.0,0.006
55085,Oneida,0.394,0.602,0.0,0.005
55087,Outagamie,0.396,0.601,0.0,0.003
55089,Ozaukee,0.488,0.51,0.0,0.002
55091,Pepin,0.436,0.561,0.0,0.003
55093,Pierce,0.419,0.572,0.0,0.009
55095,Polk,0.463,0.527,0.0,0.009
55097,Portage,0.349,0.647,0.0,0.004
55099,Price,0.378,0.616,0.0,0.007
55101,Racine,0.489,0.508,0.0,0.003
55103,Richland,0.416,0.582,0.0,0.001
55105,Rock,0.392,0.605,0.0,0.003
55107,Rusk,0.425,0.569,0.0,0.006
55109,St. Croix,0.46,0.533,0.0,0.007
55111,Sauk,0.385,0.612,0.0,0.003
55113,Sawyer,0.369,0.626,0.0,0.005
55115,Shawano,0.415,0.582,0.0,0.003
55117,Sheboygan,0.454,0.54,0.0,0.006
55119,Taylor,0.397,0.596,0.0,0.007
55121,Trempealeau,0.448,0.548,0.0,0.004
55123,Vernon,0.356,0.641,0.0,0.003
55125,Vilas,0.396,0.601,0.0,0.003
55127,Walworth,0.38,0.617,0.0,0.003
55129,Washburn,0.424,0.568,0.0,0.008
55131,Washington,0.453,0.544,0.0,0.003
55133,Waukesha,0.484,0.514,0.0,0.003
55135,Waupaca,0.397,0.597,0.0,0.006
55137,Waushara,0.438,0.557,0.0,0.004
55139,Winnebago,0.385,0.612,0.0,0.003
55141,Wood,0.395,0.602,0.0,0.003
56001,Albany,0.242,0.758,0.0,0.0
56003,Big Horn,0.5,0.5,0.0,0.0
56005,Campbell,0.333,0.667,0.0,0.0
56007,Carbon,0.571,0.429,0.0,0.0
56009,Converse,0.4,0.6,0.0,0.0
56011,Crook,0.5,0.5,0.0,0.0
56013,Fremont,0.5,0.5,0.0,0.0
56015,Goshen,0.6,0.4,0.0,0.0
56017,Hot Springs,0.5,0.5,0.0,0.0
56019,Johnson,0.5,0.5,0.0,0.0
56021,Laramie,0.51,0.49,0.0,0.0
56023,Lincoln,0.5,0.5,0.0,0.0
56025,Natrona,0.526,0.474,0.0,0.0
56027,Niobrara,0.0,1.0,0.0,0.0
56029,Park,0.385,0.615,0.0,0.0
56031,Platte,0.333,0.667,0.0,0.0
56033,Sheridan,0.5,0.5,0.0,0.0
56035,Sublette,0.25,0.75,0.0,0.0
56037,Sweetwater,0.455,0.545,0.0,0.0
56039,Teton,0.4,0.6,0.0,0.0
56041,Uinta,0.444,0.556,0.0,0.0
56043,Washakie,0.667,0.333,0.0,0.0
56045,Weston,0.5,0.5,0.0,0.0
36001,Albany,0.475,0.525,0.0,0.0
36003,Allegany,0.405,0.595,0.0,0.0
36005,Bronx,0.7,0.3,0.0,0.0
36007,Broome,0.434,0.566,0.0,0.0
36009,Cattaraugus,0.421,0.579,0.0,0.0
36011,Cayuga,0.473,0.527,0.0,0.0
36013,Chautauqua,0.46,0.54,0.0,0.0
36015,Chemung,0.496,0.504,0.0,0.0
36017,Chenango,0.391,0.609,0.0,0.0
36019,Clinton,0.265,0.735,0.0,0.0
36021,Columbia,0.429,0.571,0.0,0.0
36023,Cortland,0.427,0.573,0.0,0.0
36025,Delaware,0.391,0.609,0.0,0.0
36027,Dutchess,0.485,0.515,0.0,0.0
36029,Erie,0.504,0.496,0.0,0.0
36031,Essex,0.268,0.732,0.0,0.0
36033,Franklin,0.291,0.709,0.0,0.0
36035,Fulton,0.389,0.611,0.0,0.0
36037,Genesee,0.451,0.549,0.0,0.0
36039,Greene,0.421,0.579,0.0,0.0
36041,Hamilton,0.369,0.631,0.0,0.0
36043,Herkimer,0.44,0.56,0.0,0.0
36045,Jefferson,0.491,0.509,0.0,0.0
36047,Brooklyn,0.6,0.4,0.0,0.0
36049,Lewis,0.409,0.591,0.0,0.0
36051,Livingston,0.401,0.599,0.0,0.0
36053,Madison,0.445,0.555,0.0,0.0
36055,Monroe,0.518,0.482,0.0,0.0
36057,Montgomery,0.421,0.579,0.0,0.0
36059,Nassau,0.626,0.374,0.0,0.0
36061,Manhattan,0.663,0.337,0.0,0.0
36063,Niagara,0.463,0.537,0.0,0.0
36065,Oneida,0.454,0.546,0.0,0.0
36067,Onondaga,0.53,0.47,0.0,0.0
36069,Ontario,0.462,0.538,0.0,0.0
36071,Orange,0.515,0.485,0.0,0.0
36073,Orleans,0.426,0.574,0.0,0.0
36075,Oswego,0.442,0.558,0.0,0.0
36077,Otsego,0.409,0.591,0.0,0.0
36079,Putnam,0.493,0.507,0.0,0.0
36081,Queens,0.616,0.384,0.0,0.0
36083,Rensselaer,0.416,0.584,0.0,0.0
36085,Staten Island,0.529,0.471,0.0,0.0
36087,Rockland,0.605,0.395,0.0,0.0
36089,Saint Lawrence,0.411,0.589,0.0,0.0
36091,Saratoga,0.442,0.558,0.0,0.0
36093,Schenectady,0.472,0.528,0.0,0.0
36095,Schoharie,0.364,0.636,0.0,0.0
36097,Schuyler,0.375,0.625,0.0,0.0
36099,Seneca,0.472,0.528,0.0,0.0
36101,Steuben,0.421,0.579,0.0,0.0
36103,Suffolk,0.547,0.453,0.0,0.0
36105,Sullivan,0.439,0.561,0.0,0.0
36107,Tioga,0.403,0.597,0.0,0.0
36109,Tompkins,0.377,0.623,0.0,0.0
36111,Ulster,0.374,0.626,0.0,0.0
36113,Warren,0.383,0.617,0.0,0.0
36115,Washington,0.359,0.641,0.0,0.0
36117,Wayne,0.445,0.555,0.0,0.0
36119,Westchester,0.674,0.326,0.0,0.0
36121,Wyoming,0.395,0.605,0.0,0.0
36123,Yates,0.452,0.548,0.0,0.0
